invoice_id,exception_type,severity,invoice_date,customer_id,billed_amount
INV00000001,contract_date_conflict,medium,2024-05-01,C000001,7450.0
INV00000021,contract_date_conflict,medium,2025-08-01,C000003,259.35
INV00000026,contract_date_conflict,medium,2025-01-01,C000004,198.9
INV00000038,contract_date_conflict,medium,2023-08-01,C000005,273.0
INV00000067,contract_date_conflict,medium,2024-11-01,C000006,1275.85
INV00000081,contract_date_conflict,medium,2025-01-01,C000008,2026.35
INV00000093,contract_date_conflict,medium,2024-05-01,C000009,1422.0
INV00000113,contract_date_conflict,medium,2024-08-01,C000010,1185.0
INV00000130,contract_date_conflict,medium,2025-01-01,C000013,156.0
INV00000142,contract_date_conflict,medium,2025-10-01,C000014,185.25
INV00000145,contract_date_conflict,medium,2024-05-01,C000015,7509.6
INV00000165,contract_date_conflict,medium,2025-03-01,C000016,312.0
INV00000174,contract_date_conflict,medium,2024-02-01,C000017,351.0
INV00000197,contract_date_conflict,medium,2024-06-01,C000018,195.0
INV00000216,contract_date_conflict,medium,2023-02-01,C000019,9387.0
INV00000256,contract_date_conflict,medium,2024-09-01,C000021,17135.0
INV00000272,contract_date_conflict,medium,2023-04-01,C000022,2449.0
INV00000283,contract_date_conflict,medium,2023-10-01,C000023,1580.0
INV00000292,contract_date_conflict,medium,2024-02-01,C000024,234.0
INV00000315,contract_date_conflict,medium,2025-07-01,C000025,11026.0
INV00000321,contract_date_conflict,medium,2024-03-01,C000026,210.6
INV00000343,contract_date_conflict,medium,2024-10-01,C000027,195.0
INV00000358,contract_date_conflict,medium,2023-04-01,C000028,1975.0
INV00000389,contract_date_conflict,medium,2023-08-01,C000029,1817.0
INV00000418,contract_date_conflict,medium,2025-06-01,C000030,234.0
INV00000458,contract_date_conflict,medium,2024-07-01,C000032,234.0
INV00000476,contract_date_conflict,medium,2023-11-01,C000033,195.0
INV00000502,contract_date_conflict,medium,2023-04-01,C000034,195.0
INV00000535,contract_date_conflict,medium,2025-08-01,C000035,234.0
INV00000540,contract_date_conflict,medium,2024-03-01,C000037,1141.55
INV00000562,contract_date_conflict,medium,2025-06-01,C000038,7450.0
INV00000569,contract_date_conflict,medium,2024-10-01,C000039,273.0
INV00000584,contract_date_conflict,medium,2025-08-01,C000040,222.3
INV00000589,contract_date_conflict,medium,2024-07-01,C000041,1896.0
INV00000607,contract_date_conflict,medium,2023-04-01,C000042,222.3
INV00000632,contract_date_conflict,medium,2023-07-01,C000043,195.0
INV00000662,contract_date_conflict,medium,2023-07-01,C000044,234.0
INV00000692,contract_date_conflict,medium,2023-03-01,C000046,2528.0
INV00000726,contract_date_conflict,medium,2024-04-01,C000047,2844.0
INV00000747,contract_date_conflict,medium,2023-03-01,C000048,1501.0
INV00000775,contract_date_conflict,medium,2023-02-01,C000049,265.2
INV00000810,contract_date_conflict,medium,2023-06-01,C000050,1208.7
INV00000841,contract_date_conflict,medium,2024-06-01,C000051,468.0
INV00000860,contract_date_conflict,medium,2025-03-01,C000052,6332.5
INV00000870,contract_date_conflict,medium,2024-08-01,C000053,1635.3
INV00000887,contract_date_conflict,medium,2024-07-01,C000054,234.0
INV00000905,contract_date_conflict,medium,2025-01-01,C000056,10757.8
INV00000917,contract_date_conflict,medium,2025-12-01,C000058,1919.7
INV00000918,contract_date_conflict,medium,2025-02-01,C000059,1501.0
INV00000929,contract_date_conflict,medium,2025-03-01,C000060,210.6
INV00000939,contract_date_conflict,medium,2023-04-01,C000061,1848.6
INV00000972,contract_date_conflict,medium,2025-10-01,C000063,165.75
INV00000975,contract_date_conflict,medium,2023-07-01,C000064,296.4
INV00001003,contract_date_conflict,medium,2023-08-01,C000068,273.0
INV00001032,contract_date_conflict,medium,2025-10-01,C000069,1350.9
INV00001035,contract_date_conflict,medium,2023-03-01,C000070,351.0
INV00001089,contract_date_conflict,medium,2025-10-01,C000072,8046.0
INV00001092,contract_date_conflict,medium,2023-01-01,C000073,1635.3
INV00001128,contract_date_conflict,medium,2023-10-01,C000074,7375.5
INV00001155,contract_date_conflict,medium,2023-05-01,C000075,2484.55
INV00001187,contract_date_conflict,medium,2025-07-01,C000077,165.75
INV00001193,contract_date_conflict,medium,2024-06-01,C000078,1919.7
INV00001212,contract_date_conflict,medium,2024-07-01,C000079,1066.5
INV00001230,contract_date_conflict,medium,2025-06-01,C000080,7450.0
INV00001237,contract_date_conflict,medium,2024-12-01,C000081,185.25
INV00001250,contract_date_conflict,medium,2025-08-01,C000082,210.6
INV00001255,contract_date_conflict,medium,2023-02-01,C000083,245.7
INV00001277,contract_date_conflict,medium,2025-01-01,C000084,222.3
INV00001289,contract_date_conflict,medium,2025-10-01,C000085,8046.0
INV00001292,contract_date_conflict,medium,2023-08-01,C000086,195.0
INV00001321,contract_date_conflict,medium,2023-07-01,C000087,8940.0
INV00001370,contract_date_conflict,medium,2025-01-01,C000090,1880.2
INV00001382,contract_date_conflict,medium,2023-05-01,C000091,245.7
INV00001412,contract_date_conflict,medium,2024-08-01,C000092,1564.2
INV00001429,contract_date_conflict,medium,2025-04-01,C000093,195.0
INV00001446,contract_date_conflict,medium,2023-12-01,C000095,1279.8
INV00001471,contract_date_conflict,medium,2025-01-01,C000097,1422.0
INV00001483,contract_date_conflict,medium,2025-08-01,C000098,8046.0
INV00001488,contract_date_conflict,medium,2024-05-01,C000099,7375.5
INV00001508,contract_date_conflict,medium,2023-07-01,C000100,1279.8
INV00001525,contract_date_conflict,medium,2025-07-01,C000101,9238.0
INV00001531,contract_date_conflict,medium,2024-12-01,C000102,15421.5
INV00001544,contract_date_conflict,medium,2025-08-01,C000104,175.5
INV00001549,contract_date_conflict,medium,2025-12-01,C000105,1501.0
INV00001550,contract_date_conflict,medium,2023-04-01,C000106,195.0
INV00001583,contract_date_conflict,medium,2023-06-01,C000107,1125.75
INV00001614,contract_date_conflict,medium,2024-07-01,C000108,1516.8
INV00001632,contract_date_conflict,medium,2025-12-01,C000109,948.0
INV00001633,contract_date_conflict,medium,2025-03-01,C000110,1422.0
INV00001643,contract_date_conflict,medium,2023-05-01,C000111,1200.8
INV00001675,contract_date_conflict,medium,2024-08-01,C000112,10579.0
INV00001692,contract_date_conflict,medium,2025-03-01,C000113,390.0
INV00001702,contract_date_conflict,medium,2024-10-01,C000114,1350.9
INV00001717,contract_date_conflict,medium,2023-01-01,C000115,386.1
INV00001735,contract_date_conflict,medium,2025-08-01,C000116,175.5
INV00001740,contract_date_conflict,medium,2024-12-01,C000117,11607.1
INV00001753,contract_date_conflict,medium,2024-04-01,C000118,1125.75
INV00001774,contract_date_conflict,medium,2024-10-01,C000119,1876.25
INV00001789,contract_date_conflict,medium,2023-04-01,C000121,6965.75
INV00001822,contract_date_conflict,medium,2025-11-01,C000122,1817.0
INV00001824,contract_date_conflict,medium,2023-11-01,C000123,175.5
INV00001850,contract_date_conflict,medium,2023-11-01,C000124,1185.0
INV00001876,contract_date_conflict,medium,2024-07-01,C000125,390.0
INV00001894,contract_date_conflict,medium,2025-03-01,C000130,185.25
INV00001921,contract_date_conflict,medium,2023-03-01,C000132,273.0
INV00001955,contract_date_conflict,medium,2025-11-01,C000133,1066.5
INV00001957,contract_date_conflict,medium,2025-05-01,C000136,585.0
INV00001965,contract_date_conflict,medium,2023-03-01,C000137,1343.0
INV00001999,contract_date_conflict,medium,2023-10-01,C000138,1275.85
INV00002041,contract_date_conflict,medium,2025-05-01,C000140,195.0
INV00002049,contract_date_conflict,medium,2025-05-01,C000142,195.0
INV00002057,contract_date_conflict,medium,2024-11-01,C000143,1501.0
INV00002071,contract_date_conflict,medium,2025-09-01,C000145,2765.0
INV00002075,contract_date_conflict,medium,2024-03-01,C000146,2528.0
INV00002097,contract_date_conflict,medium,2025-07-01,C000147,195.0
INV00002103,contract_date_conflict,medium,2025-08-01,C000148,7077.5
INV00002108,contract_date_conflict,medium,2024-02-01,C000149,481.65
INV00002131,contract_date_conflict,medium,2024-12-01,C000150,3555.0
INV00002144,contract_date_conflict,medium,2023-12-01,C000151,1343.0
INV00002181,contract_date_conflict,medium,2025-06-01,C000153,3081.0
INV00002188,contract_date_conflict,medium,2025-04-01,C000154,195.0
INV00002197,contract_date_conflict,medium,2024-09-01,C000155,624.0
INV00002213,contract_date_conflict,medium,2024-11-01,C000156,234.0
INV00002227,contract_date_conflict,medium,2024-04-01,C000157,1343.0
INV00002248,contract_date_conflict,medium,2024-03-01,C000159,232.05
INV00002270,contract_date_conflict,medium,2024-12-01,C000160,2061.9
INV00002283,contract_date_conflict,medium,2024-11-01,C000161,195.0
INV00002297,contract_date_conflict,medium,2025-02-01,C000163,1580.0
INV00002308,contract_date_conflict,medium,2024-09-01,C000164,1185.0
INV00002324,contract_date_conflict,medium,2023-09-01,C000166,6965.75
INV00002352,contract_date_conflict,medium,2023-12-01,C000167,185.25
INV00002377,contract_date_conflict,medium,2023-07-01,C000168,11920.0
INV00002407,contract_date_conflict,medium,2024-06-01,C000169,195.0
INV00002426,contract_date_conflict,medium,2024-04-01,C000170,1832.8
INV00002447,contract_date_conflict,medium,2024-09-01,C000171,234.0
INV00002463,contract_date_conflict,medium,2024-01-01,C000173,273.0
INV00002487,contract_date_conflict,medium,2024-01-01,C000174,210.6
INV00002504,contract_date_conflict,medium,2024-04-01,C000176,1896.0
INV00002525,contract_date_conflict,medium,2025-01-01,C000177,8776.1
INV00002537,contract_date_conflict,medium,2025-11-01,C000178,1777.5
INV00002539,contract_date_conflict,medium,2025-08-01,C000179,195.0
INV00002544,contract_date_conflict,medium,2024-10-01,C000181,7450.0
INV00002559,contract_date_conflict,medium,2024-09-01,C000182,14602.0
INV00002575,contract_date_conflict,medium,2025-11-01,C000183,273.0
INV00002577,contract_date_conflict,medium,2023-03-01,C000185,1264.0
INV00002611,contract_date_conflict,medium,2024-08-01,C000186,1185.0
INV00002628,contract_date_conflict,medium,2024-07-01,C000187,1185.0
INV00002646,contract_date_conflict,medium,2024-01-01,C000189,3081.0
INV00002670,contract_date_conflict,medium,2024-08-01,C000191,1580.0
INV00002687,contract_date_conflict,medium,2025-01-01,C000192,8634.55
INV00002699,contract_date_conflict,medium,2023-05-01,C000193,312.0
INV00002708,contract_date_conflict,medium,2025-02-01,C000194,351.0
INV00002719,contract_date_conflict,medium,2025-06-01,C000195,1975.0
INV00002726,contract_date_conflict,medium,2023-06-01,C000196,7450.0
INV00002758,contract_date_conflict,medium,2024-12-01,C000198,1580.0
INV00002771,contract_date_conflict,medium,2025-07-01,C000199,222.3
INV00002777,contract_date_conflict,medium,2023-09-01,C000200,185.25
INV00002818,contract_date_conflict,medium,2025-09-01,C000202,312.0
INV00002822,contract_date_conflict,medium,2024-11-01,C000203,351.0
INV00002836,contract_date_conflict,medium,2024-08-01,C000204,2528.0
INV00002853,contract_date_conflict,medium,2025-09-01,C000205,2401.6
INV00002857,contract_date_conflict,medium,2024-09-01,C000206,156.0
INV00002869,contract_date_conflict,medium,2025-06-01,C000207,195.0
INV00002876,contract_date_conflict,medium,2025-04-01,C000208,195.0
INV00002885,contract_date_conflict,medium,2024-04-01,C000210,1185.0
INV00002906,contract_date_conflict,medium,2024-11-01,C000212,333.45
INV00002920,contract_date_conflict,medium,2024-05-01,C000213,8642.0
INV00002940,contract_date_conflict,medium,2024-03-01,C000215,1990.8
INV00002959,contract_date_conflict,medium,2023-07-01,C000216,1564.2
INV00002989,contract_date_conflict,medium,2025-01-01,C000218,296.4
INV00003001,contract_date_conflict,medium,2024-02-01,C000220,222.3
INV00003024,contract_date_conflict,medium,2025-10-01,C000221,234.0
INV00003027,contract_date_conflict,medium,2023-12-01,C000222,195.0
INV00003052,contract_date_conflict,medium,2023-11-01,C000223,1390.4
INV00003081,contract_date_conflict,medium,2023-10-01,C000225,195.0
INV00003108,contract_date_conflict,medium,2023-10-01,C000226,351.0
INV00003132,contract_date_conflict,medium,2025-12-01,C000227,948.0
INV00003133,contract_date_conflict,medium,2024-01-01,C000228,234.0
INV00003145,contract_date_conflict,medium,2024-01-01,C000229,8791.0
INV00003155,contract_date_conflict,medium,2023-02-01,C000230,195.0
INV00003190,contract_date_conflict,medium,2025-05-01,C000232,351.0
INV00003198,contract_date_conflict,medium,2023-06-01,C000234,259.35
INV00003215,contract_date_conflict,medium,2023-11-01,C000235,1896.0
INV00003241,contract_date_conflict,medium,2024-05-01,C000237,273.0
INV00003261,contract_date_conflict,medium,2024-06-01,C000238,1279.8
INV00003272,contract_date_conflict,medium,2024-01-01,C000239,195.0
INV00003296,contract_date_conflict,medium,2025-06-01,C000240,17433.0
INV00003303,contract_date_conflict,medium,2023-09-01,C000241,234.0
INV00003331,contract_date_conflict,medium,2024-01-01,C000242,195.0
INV00003355,contract_date_conflict,medium,2025-10-01,C000243,1200.8
INV00003358,contract_date_conflict,medium,2023-06-01,C000244,1264.0
INV00003367,contract_date_conflict,medium,2023-01-01,C000245,1501.0
INV00003403,contract_date_conflict,medium,2025-02-01,C000246,1185.0
INV00003414,contract_date_conflict,medium,2025-11-01,C000247,273.0
INV00003416,contract_date_conflict,medium,2025-12-01,C000248,11920.0
INV00003417,contract_date_conflict,medium,2024-04-01,C000249,1896.0
INV00003438,contract_date_conflict,medium,2023-03-01,C000250,218.4
INV00003472,contract_date_conflict,medium,2025-12-01,C000251,1200.8
INV00003473,contract_date_conflict,medium,2023-12-01,C000252,6705.0
INV00003498,contract_date_conflict,medium,2024-03-01,C000253,1185.0
INV00003509,contract_date_conflict,medium,2024-01-01,C000255,456.3
INV00003533,contract_date_conflict,medium,2023-11-01,C000256,234.0
INV00003559,contract_date_conflict,medium,2025-10-01,C000259,195.0
INV00003562,contract_date_conflict,medium,2025-10-01,C000260,7077.5
INV00003565,contract_date_conflict,medium,2023-05-01,C000262,1185.0
INV00003597,contract_date_conflict,medium,2024-12-01,C000263,1350.9
INV00003610,contract_date_conflict,medium,2023-07-01,C000264,312.0
INV00003640,contract_date_conflict,medium,2025-01-01,C000266,195.0
INV00003652,contract_date_conflict,medium,2025-03-01,C000267,9238.0
INV00003662,contract_date_conflict,medium,2025-10-01,C000269,175.5
INV00003665,contract_date_conflict,medium,2023-08-01,C000270,2449.0
INV00003694,contract_date_conflict,medium,2024-07-01,C000271,8642.0
INV00003712,contract_date_conflict,medium,2024-10-01,C000272,1185.0
INV00003727,contract_date_conflict,medium,2024-10-01,C000274,234.0
INV00003742,contract_date_conflict,medium,2024-10-01,C000276,1350.9
INV00003753,contract_date_conflict,medium,2024-03-01,C000277,312.0
INV00003775,contract_date_conflict,medium,2024-02-01,C000278,10132.0
INV00003798,contract_date_conflict,medium,2023-09-01,C000279,185.25
INV00003826,contract_date_conflict,medium,2025-03-01,C000282,351.0
INV00003836,contract_date_conflict,medium,2023-04-01,C000283,245.7
INV00003856,contract_date_conflict,medium,2023-10-01,C000285,1185.0
INV00003881,contract_date_conflict,medium,2024-10-01,C000286,2449.0
INV00003903,contract_date_conflict,medium,2025-04-01,C000288,2212.0
INV00003912,contract_date_conflict,medium,2025-07-01,C000290,2338.4
INV00003918,contract_date_conflict,medium,2023-06-01,C000291,195.0
INV00003940,contract_date_conflict,medium,2024-06-01,C000292,1659.0
INV00003959,contract_date_conflict,medium,2025-05-01,C000293,1738.0
INV00003967,contract_date_conflict,medium,2025-10-01,C000294,232.05
INV00003970,contract_date_conflict,medium,2023-11-01,C000295,1580.0
INV00003996,contract_date_conflict,medium,2025-05-01,C000297,210.6
INV00004004,contract_date_conflict,medium,2025-03-01,C000298,8046.0
INV00004014,contract_date_conflict,medium,2023-10-01,C000299,298.35
INV00004041,contract_date_conflict,medium,2024-01-01,C000300,185.25
INV00004065,contract_date_conflict,medium,2025-11-01,C000301,234.0
INV00004067,contract_date_conflict,medium,2024-07-01,C000303,1185.0
INV00004085,contract_date_conflict,medium,2024-11-01,C000304,1576.05
INV00004099,contract_date_conflict,medium,2023-04-01,C000305,12963.0
INV00004132,contract_date_conflict,medium,2023-05-01,C000307,195.0
INV00004164,contract_date_conflict,medium,2024-10-01,C000309,390.0
INV00004170,contract_date_conflict,medium,2024-08-01,C000310,1185.0
INV00004187,contract_date_conflict,medium,2025-07-01,C000312,1659.0
INV00004193,contract_date_conflict,medium,2025-11-01,C000313,195.0
INV00004195,contract_date_conflict,medium,2023-05-01,C000314,1422.0
INV00004227,contract_date_conflict,medium,2024-01-01,C000315,13708.0
INV00004245,contract_date_conflict,medium,2025-07-01,C000317,10057.5
INV00004251,contract_date_conflict,medium,2025-10-01,C000318,195.0
INV00004254,contract_date_conflict,medium,2024-08-01,C000319,1185.0
INV00004271,contract_date_conflict,medium,2023-02-01,C000320,165.75
INV00004306,contract_date_conflict,medium,2025-03-01,C000321,7077.5
INV00004316,contract_date_conflict,medium,2024-12-01,C000322,407.55
INV00004329,contract_date_conflict,medium,2025-07-01,C000323,259.35
INV00004335,contract_date_conflict,medium,2025-04-01,C000324,232.05
INV00004344,contract_date_conflict,medium,2024-02-01,C000325,12218.0
INV00004367,contract_date_conflict,medium,2024-05-01,C000326,390.0
INV00004387,contract_date_conflict,medium,2023-02-01,C000328,280.8
INV00004411,contract_date_conflict,medium,2023-12-01,C000330,2765.0
INV00004436,contract_date_conflict,medium,2024-08-01,C000331,9655.2
INV00004453,contract_date_conflict,medium,2024-03-01,C000332,245.7
INV00004462,contract_date_conflict,medium,2024-04-01,C000334,185.25
INV00004483,contract_date_conflict,medium,2024-12-01,C000335,1185.0
INV00004496,contract_date_conflict,medium,2024-09-01,C000337,296.4
INV00004512,contract_date_conflict,medium,2024-01-01,C000338,1501.0
INV00004536,contract_date_conflict,medium,2023-06-01,C000339,1185.0
INV00004567,contract_date_conflict,medium,2025-05-01,C000340,175.5
INV00004575,contract_date_conflict,medium,2023-12-01,C000341,1264.0
INV00004600,contract_date_conflict,medium,2023-04-01,C000342,1678.75
INV00004633,contract_date_conflict,medium,2023-10-01,C000343,210.6
INV00004644,contract_date_conflict,medium,2024-04-01,C000344,1651.1
INV00004665,contract_date_conflict,medium,2024-07-01,C000345,280.8
INV00004683,contract_date_conflict,medium,2024-02-01,C000346,187.2
INV00004706,contract_date_conflict,medium,2024-02-01,C000347,1516.8
INV00004718,contract_date_conflict,medium,2024-05-01,C000348,1279.8
INV00004738,contract_date_conflict,medium,2023-08-01,C000349,1975.0
INV00004767,contract_date_conflict,medium,2024-12-01,C000350,195.0
INV00004780,contract_date_conflict,medium,2024-04-01,C000351,259.35
INV00004801,contract_date_conflict,medium,2023-10-01,C000352,312.0
INV00004828,contract_date_conflict,medium,2023-07-01,C000354,1659.0
INV00004843,contract_date_conflict,medium,2024-02-01,C000355,1185.0
INV00004866,contract_date_conflict,medium,2024-02-01,C000356,9655.2
INV00004889,contract_date_conflict,medium,2023-03-01,C000357,198.9
INV00004923,contract_date_conflict,medium,2024-06-01,C000358,405.6
INV00004942,contract_date_conflict,medium,2025-05-01,C000359,12218.0
INV00004950,contract_date_conflict,medium,2025-02-01,C000360,195.0
INV00004961,contract_date_conflict,medium,2023-07-01,C000361,1501.0
INV00004991,contract_date_conflict,medium,2024-05-01,C000362,3021.75
INV00005011,contract_date_conflict,medium,2023-09-01,C000363,210.6
INV00005039,contract_date_conflict,medium,2023-12-01,C000364,222.3
INV00005064,contract_date_conflict,medium,2025-05-01,C000365,1074.4
INV00005072,contract_date_conflict,medium,2023-03-01,C000366,585.0
INV00005106,contract_date_conflict,medium,2025-02-01,C000367,195.0
INV00005117,contract_date_conflict,medium,2025-08-01,C000368,1817.0
INV00005122,contract_date_conflict,medium,2025-04-01,C000369,15645.0
INV00005131,contract_date_conflict,medium,2024-11-01,C000370,1422.0
INV00005145,contract_date_conflict,medium,2024-04-01,C000372,195.0
INV00005166,contract_date_conflict,medium,2025-07-01,C000373,185.25
INV00005172,contract_date_conflict,medium,2024-02-01,C000375,351.0
INV00005195,contract_date_conflict,medium,2023-12-01,C000377,1876.25
INV00005220,contract_date_conflict,medium,2023-12-01,C000378,1007.25
INV00005245,contract_date_conflict,medium,2025-05-01,C000379,1066.5
INV00005253,contract_date_conflict,medium,2025-05-01,C000380,1275.85
INV00005261,contract_date_conflict,medium,2024-07-01,C000381,1275.85
INV00005279,contract_date_conflict,medium,2023-03-01,C000382,1580.0
INV00005313,contract_date_conflict,medium,2024-05-01,C000383,273.0
INV00005333,contract_date_conflict,medium,2025-01-01,C000384,1264.0
INV00005345,contract_date_conflict,medium,2024-12-01,C000385,331.5
INV00005358,contract_date_conflict,medium,2024-05-01,C000386,245.7
INV00005378,contract_date_conflict,medium,2024-02-01,C000387,12814.0
INV00005401,contract_date_conflict,medium,2024-08-01,C000388,234.0
INV00005416,contract_date_conflict,medium,2023-10-01,C000389,2291.0
INV00005443,contract_date_conflict,medium,2023-01-01,C000390,7360.6
INV00005479,contract_date_conflict,medium,2023-09-01,C000391,165.75
INV00005507,contract_date_conflict,medium,2025-07-01,C000392,1343.0
INV00005513,contract_date_conflict,medium,2024-08-01,C000393,1564.2
INV00005529,contract_date_conflict,medium,2024-09-01,C000394,1350.9
INV00005545,contract_date_conflict,medium,2023-01-01,C000395,1350.9
INV00005576,contract_date_conflict,medium,2025-11-01,C000396,195.0
INV00005578,contract_date_conflict,medium,2025-09-01,C000397,1185.0
INV00005582,contract_date_conflict,medium,2025-12-01,C000398,1738.0
INV00005583,contract_date_conflict,medium,2023-12-01,C000400,185.25
INV00005608,contract_date_conflict,medium,2024-05-01,C000401,1141.55
INV00005628,contract_date_conflict,medium,2025-09-01,C000402,10281.0
INV00005632,contract_date_conflict,medium,2023-05-01,C000403,1643.2
INV00005664,contract_date_conflict,medium,2024-01-01,C000404,1896.0
INV00005688,contract_date_conflict,medium,2025-11-01,C000405,259.35
INV00005690,contract_date_conflict,medium,2023-02-01,C000406,195.0
INV00005725,contract_date_conflict,medium,2023-02-01,C000407,468.0
INV00005760,contract_date_conflict,medium,2023-12-01,C000409,234.0
INV00005785,contract_date_conflict,medium,2025-05-01,C000410,222.3
INV00005793,contract_date_conflict,medium,2025-06-01,C000411,218.4
INV00005800,contract_date_conflict,medium,2024-08-01,C000412,6705.0
INV00005817,contract_date_conflict,medium,2024-11-01,C000413,8493.0
INV00005831,contract_date_conflict,medium,2024-05-01,C000414,7450.0
INV00005851,contract_date_conflict,medium,2025-12-01,C000415,234.0
INV00005852,contract_date_conflict,medium,2025-07-01,C000416,1635.3
INV00005858,contract_date_conflict,medium,2025-07-01,C000417,1975.0
INV00005864,contract_date_conflict,medium,2023-02-01,C000419,280.8
INV00005899,contract_date_conflict,medium,2023-11-01,C000420,14453.0
INV00005925,contract_date_conflict,medium,2025-09-01,C000421,232.05
INV00005929,contract_date_conflict,medium,2024-04-01,C000422,1125.75
INV00005950,contract_date_conflict,medium,2025-12-01,C000423,13007.7
INV00005951,contract_date_conflict,medium,2024-06-01,C000424,6705.0
INV00005970,contract_date_conflict,medium,2025-08-01,C000425,1611.6
INV00005975,contract_date_conflict,medium,2024-10-01,C000426,185.25
INV00005990,contract_date_conflict,medium,2024-04-01,C000427,175.5
INV00006011,contract_date_conflict,medium,2024-06-01,C000428,195.0
INV00006030,contract_date_conflict,medium,2025-04-01,C000429,1659.0
INV00006039,contract_date_conflict,medium,2023-10-01,C000430,222.3
INV00006066,contract_date_conflict,medium,2024-05-01,C000431,1066.5
INV00006086,contract_date_conflict,medium,2024-01-01,C000432,1848.6
INV00006110,contract_date_conflict,medium,2024-11-01,C000434,175.5
INV00006119,contract_date_conflict,medium,2025-10-01,C000435,195.0
INV00006122,contract_date_conflict,medium,2025-01-01,C000436,390.0
INV00006134,contract_date_conflict,medium,2025-10-01,C000437,2133.0
INV00006137,contract_date_conflict,medium,2024-07-01,C000438,429.0
INV00006183,contract_date_conflict,medium,2024-12-01,C000440,312.0
INV00006190,contract_date_conflict,medium,2023-02-01,C000441,195.0
INV00006225,contract_date_conflict,medium,2025-05-01,C000443,1185.0
INV00006233,contract_date_conflict,medium,2025-06-01,C000445,234.0
INV00006240,contract_date_conflict,medium,2024-08-01,C000446,390.0
INV00006257,contract_date_conflict,medium,2024-10-01,C000447,185.25
INV00006272,contract_date_conflict,medium,2024-02-01,C000448,2844.0
INV00006295,contract_date_conflict,medium,2024-07-01,C000449,1066.5
INV00006313,contract_date_conflict,medium,2023-04-01,C000450,1185.0
INV00006346,contract_date_conflict,medium,2023-10-01,C000453,13551.55
INV00006373,contract_date_conflict,medium,2024-07-01,C000454,468.0
INV00006391,contract_date_conflict,medium,2025-06-01,C000455,11920.0
INV00006398,contract_date_conflict,medium,2023-02-01,C000456,245.7
INV00006433,contract_date_conflict,medium,2024-06-01,C000457,1580.0
INV00006452,contract_date_conflict,medium,2024-05-01,C000458,1343.0
INV00006472,contract_date_conflict,medium,2025-04-01,C000459,1659.0
INV00006481,contract_date_conflict,medium,2023-03-01,C000460,1919.7
INV00006515,contract_date_conflict,medium,2025-05-01,C000461,1706.4
INV00006523,contract_date_conflict,medium,2025-07-01,C000462,1501.0
INV00006529,contract_date_conflict,medium,2025-07-01,C000463,1185.0
INV00006535,contract_date_conflict,medium,2023-08-01,C000466,273.0
INV00006564,contract_date_conflict,medium,2025-05-01,C000467,1208.7
INV00006572,contract_date_conflict,medium,2024-08-01,C000468,1659.0
INV00006582,contract_date_conflict,medium,2025-09-01,C000469,364.65
INV00006586,contract_date_conflict,medium,2025-08-01,C000472,351.0
INV00006591,contract_date_conflict,medium,2023-03-01,C000473,222.3
INV00006625,contract_date_conflict,medium,2024-02-01,C000474,222.3
INV00006648,contract_date_conflict,medium,2023-01-01,C000475,468.0
INV00006684,contract_date_conflict,medium,2023-10-01,C000476,1738.0
INV00006711,contract_date_conflict,medium,2025-01-01,C000478,195.0
INV00006723,contract_date_conflict,medium,2025-11-01,C000479,1074.4
INV00006725,contract_date_conflict,medium,2023-03-01,C000480,2370.0
INV00006759,contract_date_conflict,medium,2023-07-01,C000481,351.0
INV00006789,contract_date_conflict,medium,2023-04-01,C000482,195.0
INV00006796,contract_date_conflict,medium,2024-01-01,C000483,195.0
INV00006820,contract_date_conflict,medium,2024-02-01,C000484,175.5
INV00006843,contract_date_conflict,medium,2023-08-01,C000485,175.5
INV00006890,contract_date_conflict,medium,2023-05-01,C000488,351.0
INV00006922,contract_date_conflict,medium,2024-03-01,C000489,12814.0
INV00006944,contract_date_conflict,medium,2025-05-01,C000490,312.0
INV00006950,contract_date_conflict,medium,2025-11-01,C000491,16688.0
INV00006952,contract_date_conflict,medium,2023-02-01,C000492,1975.0
INV00006987,contract_date_conflict,medium,2025-04-01,C000493,195.0
INV00006996,contract_date_conflict,medium,2024-03-01,C000494,234.0
INV00007018,contract_date_conflict,medium,2025-06-01,C000495,2551.7
INV00007025,contract_date_conflict,medium,2024-04-01,C000496,1564.2
INV00007046,contract_date_conflict,medium,2023-02-01,C000497,232.05
INV00007081,contract_date_conflict,medium,2025-10-01,C000498,1493.1
INV00007084,contract_date_conflict,medium,2023-03-01,C000499,1477.3
INV00007118,contract_date_conflict,medium,2024-05-01,C000500,1343.0
INV00007138,contract_date_conflict,medium,2024-09-01,C000501,312.0
INV00007154,contract_date_conflict,medium,2024-05-01,C000502,390.0
INV00007174,contract_date_conflict,medium,2023-09-01,C000503,1185.0
INV00007202,contract_date_conflict,medium,2024-07-01,C000504,2370.0
INV00007220,contract_date_conflict,medium,2025-03-01,C000505,2417.4
INV00007230,contract_date_conflict,medium,2025-04-01,C000506,11026.0
INV00007239,contract_date_conflict,medium,2023-03-01,C000507,195.0
INV00007256,contract_date_conflict,medium,2025-09-01,C000509,1350.9
INV00007260,contract_date_conflict,medium,2025-10-01,C000511,468.0
INV00007263,contract_date_conflict,medium,2023-02-01,C000513,12367.0
INV00007298,contract_date_conflict,medium,2024-08-01,C000514,195.0
INV00007316,contract_date_conflict,medium,2023-01-01,C000516,1817.0
INV00007352,contract_date_conflict,medium,2024-11-01,C000517,7450.0
INV00007366,contract_date_conflict,medium,2023-01-01,C000518,1185.0
INV00007399,contract_date_conflict,medium,2025-10-01,C000519,1817.0
INV00007402,contract_date_conflict,medium,2024-01-01,C000520,175.5
INV00007424,contract_date_conflict,medium,2023-07-01,C000521,210.6
INV00007454,contract_date_conflict,medium,2025-07-01,C000523,2449.0
INV00007460,contract_date_conflict,medium,2024-10-01,C000524,195.0
INV00007480,contract_date_conflict,medium,2023-02-01,C000526,2054.0
INV00007515,contract_date_conflict,medium,2025-08-01,C000527,13007.7
INV00007520,contract_date_conflict,medium,2023-05-01,C000528,1185.0
INV00007552,contract_date_conflict,medium,2024-10-01,C000529,273.0
INV00007567,contract_date_conflict,medium,2024-07-01,C000530,195.0
INV00007585,contract_date_conflict,medium,2025-10-01,C000531,234.0
INV00007588,contract_date_conflict,medium,2024-09-01,C000532,1208.7
INV00007604,contract_date_conflict,medium,2023-09-01,C000533,175.5
INV00007616,contract_date_conflict,medium,2024-12-01,C000535,165.75
INV00007629,contract_date_conflict,medium,2023-04-01,C000536,429.0
INV00007662,contract_date_conflict,medium,2024-10-01,C000537,1422.0
INV00007677,contract_date_conflict,medium,2025-06-01,C000538,1350.9
INV00007684,contract_date_conflict,medium,2025-12-01,C000539,1501.0
INV00007685,contract_date_conflict,medium,2024-05-01,C000540,195.0
INV00007705,contract_date_conflict,medium,2024-10-01,C000541,195.0
INV00007720,contract_date_conflict,medium,2024-11-01,C000542,2923.0
INV00007734,contract_date_conflict,medium,2024-07-01,C000544,312.0
INV00007749,contract_date_conflict,medium,2025-01-01,C000546,1880.2
INV00007761,contract_date_conflict,medium,2025-03-01,C000547,351.0
INV00007771,contract_date_conflict,medium,2024-05-01,C000548,195.0
INV00007777,contract_date_conflict,medium,2024-03-01,C000549,234.0
INV00007799,contract_date_conflict,medium,2025-12-01,C000550,3088.9
INV00007800,contract_date_conflict,medium,2025-05-01,C000551,175.5
INV00007808,contract_date_conflict,medium,2025-10-01,C000553,1896.0
INV00007811,contract_date_conflict,medium,2024-06-01,C000555,198.9
INV00007830,contract_date_conflict,medium,2023-02-01,C000556,1580.0
INV00007865,contract_date_conflict,medium,2023-01-01,C000559,2061.9
INV00007884,contract_date_conflict,medium,2024-04-01,C000560,273.0
INV00007905,contract_date_conflict,medium,2025-05-01,C000561,1425.95
INV00007913,contract_date_conflict,medium,2024-05-01,C000563,234.0
INV00007933,contract_date_conflict,medium,2023-09-01,C000564,312.0
INV00007951,contract_date_conflict,medium,2023-04-01,C000565,185.25
INV00007977,contract_date_conflict,medium,2025-06-01,C000566,273.0
INV00007984,contract_date_conflict,medium,2025-06-01,C000567,1066.5
INV00007991,contract_date_conflict,medium,2023-08-01,C000569,1343.0
INV00008020,contract_date_conflict,medium,2024-08-01,C000571,1185.0
INV00008037,contract_date_conflict,medium,2023-09-01,C000572,444.6
INV00008065,contract_date_conflict,medium,2023-03-01,C000573,1564.2
INV00008099,contract_date_conflict,medium,2024-05-01,C000574,1422.0
INV00008119,contract_date_conflict,medium,2024-11-01,C000575,165.75
INV00008133,contract_date_conflict,medium,2023-09-01,C000576,210.6
INV00008151,contract_date_conflict,medium,2023-06-01,C000577,1659.0
INV00008182,contract_date_conflict,medium,2023-07-01,C000578,175.5
INV00008212,contract_date_conflict,medium,2024-10-01,C000579,234.0
INV00008227,contract_date_conflict,medium,2025-07-01,C000582,6705.0
INV00008233,contract_date_conflict,medium,2024-01-01,C000583,1350.9
INV00008257,contract_date_conflict,medium,2023-08-01,C000584,10474.7
INV00008286,contract_date_conflict,medium,2024-04-01,C000585,1659.0
INV00008307,contract_date_conflict,medium,2023-06-01,C000586,1659.0
INV00008338,contract_date_conflict,medium,2024-01-01,C000587,397.8
INV00008351,contract_date_conflict,medium,2025-12-01,C000590,195.0
INV00008352,contract_date_conflict,medium,2024-10-01,C000591,195.0
INV00008367,contract_date_conflict,medium,2023-01-01,C000592,10281.0
INV00008383,contract_date_conflict,medium,2025-06-01,C000593,185.25
INV00008390,contract_date_conflict,medium,2023-11-01,C000594,259.35
INV00008416,contract_date_conflict,medium,2024-03-01,C000595,195.0
INV00008438,contract_date_conflict,medium,2023-10-01,C000596,210.6
INV00008465,contract_date_conflict,medium,2025-06-01,C000597,1007.25
INV00008472,contract_date_conflict,medium,2024-04-01,C000598,2054.0
INV00008493,contract_date_conflict,medium,2024-02-01,C000599,1275.85
INV00008516,contract_date_conflict,medium,2025-04-01,C000600,9387.0
INV00008525,contract_date_conflict,medium,2023-04-01,C000601,1678.75
INV00008558,contract_date_conflict,medium,2025-10-01,C000604,421.2
INV00008561,contract_date_conflict,medium,2025-02-01,C000605,351.0
INV00008572,contract_date_conflict,medium,2024-04-01,C000606,195.0
INV00008593,contract_date_conflict,medium,2023-07-01,C000607,234.0
INV00008623,contract_date_conflict,medium,2023-07-01,C000608,429.0
INV00008648,contract_date_conflict,medium,2024-06-01,C000609,12069.0
INV00008667,contract_date_conflict,medium,2023-08-01,C000611,195.0
INV00008696,contract_date_conflict,medium,2023-10-01,C000612,1580.0
INV00008723,contract_date_conflict,medium,2024-05-01,C000613,1919.7
INV00008736,contract_date_conflict,medium,2024-12-01,C000614,1185.0
INV00008749,contract_date_conflict,medium,2025-12-01,C000615,351.0
INV00008750,contract_date_conflict,medium,2025-02-01,C000616,1738.0
INV00008761,contract_date_conflict,medium,2023-07-01,C000617,234.0
INV00008791,contract_date_conflict,medium,2023-08-01,C000618,7450.0
INV00008798,contract_date_conflict,medium,2025-12-01,C000619,187.2
INV00008799,contract_date_conflict,medium,2023-03-01,C000621,1066.5
INV00008833,contract_date_conflict,medium,2023-01-01,C000622,1264.0
INV00008905,contract_date_conflict,medium,2025-12-01,C000625,1185.0
INV00008906,contract_date_conflict,medium,2023-04-01,C000626,265.2
INV00008939,contract_date_conflict,medium,2024-02-01,C000627,195.0
INV00008954,contract_date_conflict,medium,2025-08-01,C000629,222.3
INV00008959,contract_date_conflict,medium,2024-06-01,C000630,234.0
INV00008978,contract_date_conflict,medium,2024-04-01,C000631,265.2
INV00009019,contract_date_conflict,medium,2023-02-01,C000633,273.0
INV00009054,contract_date_conflict,medium,2025-07-01,C000634,273.0
INV00009060,contract_date_conflict,medium,2023-08-01,C000635,1896.0
INV00009089,contract_date_conflict,medium,2023-07-01,C000636,175.5
INV00009112,contract_date_conflict,medium,2025-01-01,C000637,1007.25
INV00009124,contract_date_conflict,medium,2023-09-01,C000639,195.0
INV00009152,contract_date_conflict,medium,2023-05-01,C000640,1975.0
INV00009184,contract_date_conflict,medium,2025-06-01,C000641,312.0
INV00009191,contract_date_conflict,medium,2023-01-01,C000642,948.0
INV00009227,contract_date_conflict,medium,2025-05-01,C000643,185.25
INV00009235,contract_date_conflict,medium,2025-11-01,C000644,1279.8
INV00009237,contract_date_conflict,medium,2025-10-01,C000645,195.0
INV00009240,contract_date_conflict,medium,2025-07-01,C000646,1580.0
INV00009246,contract_date_conflict,medium,2025-09-01,C000647,280.8
INV00009250,contract_date_conflict,medium,2024-10-01,C000648,3397.0
INV00009265,contract_date_conflict,medium,2024-09-01,C000649,1975.0
INV00009272,contract_date_conflict,medium,2024-11-01,C000651,1817.0
INV00009286,contract_date_conflict,medium,2024-07-01,C000653,265.2
INV00009304,contract_date_conflict,medium,2025-03-01,C000654,210.6
INV00009314,contract_date_conflict,medium,2025-06-01,C000655,296.4
INV00009321,contract_date_conflict,medium,2025-09-01,C000656,407.55
INV00009325,contract_date_conflict,medium,2024-01-01,C000657,312.0
INV00009349,contract_date_conflict,medium,2023-07-01,C000658,2559.6
INV00009373,contract_date_conflict,medium,2024-03-01,C000659,8612.2
INV00009382,contract_date_conflict,medium,2025-09-01,C000660,7450.0
INV00009386,contract_date_conflict,medium,2025-05-01,C000661,8046.0
INV00009394,contract_date_conflict,medium,2024-07-01,C000662,1066.5
INV00009401,contract_date_conflict,medium,2023-04-01,C000663,222.3
INV00009434,contract_date_conflict,medium,2024-08-01,C000665,195.0
INV00009451,contract_date_conflict,medium,2024-02-01,C000666,11026.0
INV00009474,contract_date_conflict,medium,2024-07-01,C000667,2022.4
INV00009492,contract_date_conflict,medium,2023-08-01,C000668,280.8
INV00009521,contract_date_conflict,medium,2024-12-01,C000670,195.0
INV00009534,contract_date_conflict,medium,2023-06-01,C000671,1125.75
INV00009565,contract_date_conflict,medium,2024-07-01,C000673,2607.0
INV00009583,contract_date_conflict,medium,2024-12-01,C000675,1066.5
INV00009596,contract_date_conflict,medium,2023-02-01,C000677,7450.0
INV00009631,contract_date_conflict,medium,2024-05-01,C000678,1493.1
INV00009651,contract_date_conflict,medium,2024-05-01,C000679,351.0
INV00009671,contract_date_conflict,medium,2024-07-01,C000681,468.0
INV00009689,contract_date_conflict,medium,2024-12-01,C000683,444.6
INV00009702,contract_date_conflict,medium,2025-07-01,C000684,1264.0
INV00009708,contract_date_conflict,medium,2023-01-01,C000685,298.35
INV00009744,contract_date_conflict,medium,2024-08-01,C000686,195.0
INV00009761,contract_date_conflict,medium,2025-11-01,C000687,429.0
INV00009763,contract_date_conflict,medium,2025-07-01,C000688,2926.95
INV00009769,contract_date_conflict,medium,2024-06-01,C000689,232.05
INV00009788,contract_date_conflict,medium,2025-03-01,C000691,13447.25
INV00009798,contract_date_conflict,medium,2023-10-01,C000692,7450.0
INV00009825,contract_date_conflict,medium,2024-07-01,C000693,312.0
INV00009843,contract_date_conflict,medium,2025-10-01,C000694,1580.0
INV00009846,contract_date_conflict,medium,2024-02-01,C000695,11026.0
INV00009869,contract_date_conflict,medium,2025-01-01,C000696,351.0
INV00009881,contract_date_conflict,medium,2024-06-01,C000697,195.0
INV00009900,contract_date_conflict,medium,2025-05-01,C000698,273.0
INV00009908,contract_date_conflict,medium,2025-04-01,C000699,195.0
INV00009922,contract_date_conflict,medium,2025-05-01,C000701,1422.0
INV00009930,contract_date_conflict,medium,2024-10-01,C000702,3002.0
INV00009945,contract_date_conflict,medium,2024-06-01,C000703,234.0
INV00009964,contract_date_conflict,medium,2023-06-01,C000704,198.9
INV00009990,contract_date_conflict,medium,2023-05-01,C000705,312.0
INV00010022,contract_date_conflict,medium,2023-11-01,C000706,1185.0
INV00010048,contract_date_conflict,medium,2025-05-01,C000707,2607.0
INV00010056,contract_date_conflict,medium,2023-07-01,C000709,390.0
INV00010086,contract_date_conflict,medium,2024-04-01,C000710,234.0
INV00010107,contract_date_conflict,medium,2024-07-01,C000711,234.0
INV00010125,contract_date_conflict,medium,2025-02-01,C000712,1975.0
INV00010136,contract_date_conflict,medium,2025-05-01,C000714,234.0
INV00010144,contract_date_conflict,medium,2024-05-01,C000715,2686.0
INV00010164,contract_date_conflict,medium,2024-02-01,C000716,1564.2
INV00010187,contract_date_conflict,medium,2024-09-01,C000717,6705.0
INV00010203,contract_date_conflict,medium,2025-12-01,C000718,13261.0
INV00010204,contract_date_conflict,medium,2024-05-01,C000719,3160.0
INV00010212,contract_date_conflict,medium,2023-04-01,C000720,222.3
INV00010245,contract_date_conflict,medium,2025-01-01,C000721,10877.0
INV00010257,contract_date_conflict,medium,2025-05-01,C000722,7748.0
INV00010265,contract_date_conflict,medium,2024-06-01,C000723,312.0
INV00010284,contract_date_conflict,medium,2024-02-01,C000724,1279.8
INV00010307,contract_date_conflict,medium,2024-11-01,C000725,195.0
INV00010321,contract_date_conflict,medium,2024-04-01,C000726,195.0
INV00010342,contract_date_conflict,medium,2024-03-01,C000727,175.5
INV00010364,contract_date_conflict,medium,2025-04-01,C000728,198.9
INV00010373,contract_date_conflict,medium,2023-11-01,C000729,1137.6
INV00010399,contract_date_conflict,medium,2024-12-01,C000730,1343.0
INV00010412,contract_date_conflict,medium,2024-01-01,C000731,245.7
INV00010436,contract_date_conflict,medium,2025-04-01,C000732,210.6
INV00010445,contract_date_conflict,medium,2023-10-01,C000733,2618.85
INV00010472,contract_date_conflict,medium,2024-01-01,C000734,7219.05
INV00010496,contract_date_conflict,medium,2024-10-01,C000735,195.0
INV00010511,contract_date_conflict,medium,2024-08-01,C000736,312.0
INV00010528,contract_date_conflict,medium,2024-11-01,C000737,2275.2
INV00010542,contract_date_conflict,medium,2025-03-01,C000738,6317.6
INV00010552,contract_date_conflict,medium,2024-09-01,C000739,7241.4
INV00010568,contract_date_conflict,medium,2024-07-01,C000740,9252.9
INV00010586,contract_date_conflict,medium,2023-12-01,C000741,273.0
INV00010611,contract_date_conflict,medium,2025-05-01,C000745,4266.0
INV00010649,contract_date_conflict,medium,2024-08-01,C000747,195.0
INV00010666,contract_date_conflict,medium,2024-01-01,C000750,1947.35
INV00010690,contract_date_conflict,medium,2025-07-01,C000751,7450.0
INV00010696,contract_date_conflict,medium,2025-02-01,C000752,312.0
INV00010707,contract_date_conflict,medium,2023-02-01,C000753,12277.6
INV00010742,contract_date_conflict,medium,2023-12-01,C000754,210.6
INV00010767,contract_date_conflict,medium,2024-07-01,C000755,351.0
INV00010785,contract_date_conflict,medium,2023-02-01,C000756,948.0
INV00010820,contract_date_conflict,medium,2025-07-01,C000757,175.5
INV00010826,contract_date_conflict,medium,2024-11-01,C000758,8344.0
INV00010840,contract_date_conflict,medium,2024-06-01,C000759,265.2
INV00010859,contract_date_conflict,medium,2025-06-01,C000761,1501.0
INV00010866,contract_date_conflict,medium,2023-02-01,C000762,210.6
INV00010883,contract_date_conflict,medium,2025-12-01,C000763,1007.25
INV00010884,contract_date_conflict,medium,2023-08-01,C000765,333.45
INV00010913,contract_date_conflict,medium,2025-01-01,C000766,429.0
INV00010925,contract_date_conflict,medium,2025-06-01,C000767,245.7
INV00010931,contract_date_conflict,medium,2023-04-01,C000768,156.0
INV00010964,contract_date_conflict,medium,2025-08-01,C000770,1185.0
INV00010969,contract_date_conflict,medium,2023-08-01,C000771,1343.0
INV00010998,contract_date_conflict,medium,2025-04-01,C000772,1185.0
INV00011007,contract_date_conflict,medium,2025-08-01,C000773,2251.5
INV00011012,contract_date_conflict,medium,2024-12-01,C000774,1951.3
INV00011044,contract_date_conflict,medium,2025-08-01,C000777,1208.7
INV00011049,contract_date_conflict,medium,2024-01-01,C000778,10430.0
INV00011073,contract_date_conflict,medium,2023-02-01,C000779,8046.0
INV00011108,contract_date_conflict,medium,2023-07-01,C000781,1007.25
INV00011138,contract_date_conflict,medium,2025-10-01,C000782,222.3
INV00011141,contract_date_conflict,medium,2023-12-01,C000784,1208.7
INV00011166,contract_date_conflict,medium,2023-05-01,C000785,234.0
INV00011187,contract_date_conflict,medium,2025-03-01,C000786,468.0
INV00011197,contract_date_conflict,medium,2024-03-01,C000789,165.75
INV00011237,contract_date_conflict,medium,2023-10-01,C000791,315.9
INV00011264,contract_date_conflict,medium,2023-11-01,C000792,1343.0
INV00011290,contract_date_conflict,medium,2024-04-01,C000793,185.25
INV00011311,contract_date_conflict,medium,2023-08-01,C000794,234.0
INV00011340,contract_date_conflict,medium,2025-09-01,C000795,1896.0
INV00011344,contract_date_conflict,medium,2025-05-01,C000796,234.0
INV00011352,contract_date_conflict,medium,2024-04-01,C000797,390.0
INV00011364,contract_date_conflict,medium,2024-09-01,C000798,1185.0
INV00011380,contract_date_conflict,medium,2023-09-01,C000799,1817.0
INV00011408,contract_date_conflict,medium,2025-11-01,C000800,312.0
INV00011410,contract_date_conflict,medium,2025-12-01,C000802,1422.0
INV00011411,contract_date_conflict,medium,2025-03-01,C000804,312.0
INV00011421,contract_date_conflict,medium,2023-03-01,C000805,312.0
INV00011455,contract_date_conflict,medium,2023-02-01,C000806,298.35
INV00011470,contract_date_conflict,medium,2023-12-01,C000807,1659.0
INV00011495,contract_date_conflict,medium,2025-08-01,C000808,8493.0
INV00011500,contract_date_conflict,medium,2024-01-01,C000809,9118.8
INV00011524,contract_date_conflict,medium,2025-04-01,C000810,526.5
INV00011533,contract_date_conflict,medium,2024-09-01,C000811,185.25
INV00011549,contract_date_conflict,medium,2024-08-01,C000812,273.0
INV00011566,contract_date_conflict,medium,2024-12-01,C000813,259.35
INV00011579,contract_date_conflict,medium,2024-02-01,C000816,245.7
INV00011602,contract_date_conflict,medium,2023-08-01,C000818,280.8
INV00011631,contract_date_conflict,medium,2024-07-01,C000819,8351.45
INV00011649,contract_date_conflict,medium,2025-11-01,C000820,195.0
INV00011651,contract_date_conflict,medium,2023-02-01,C000821,315.9
INV00011686,contract_date_conflict,medium,2023-03-01,C000822,1185.0
INV00011704,contract_date_conflict,medium,2024-01-01,C000824,546.0
INV00011728,contract_date_conflict,medium,2023-05-01,C000825,9245.45
INV00011760,contract_date_conflict,medium,2025-03-01,C000826,185.25
INV00011767,contract_date_conflict,medium,2024-08-01,C000827,1185.0
INV00011784,contract_date_conflict,medium,2025-07-01,C000828,1817.0
INV00011790,contract_date_conflict,medium,2024-11-01,C000832,8344.0
INV00011804,contract_date_conflict,medium,2025-12-01,C000833,234.0
INV00011805,contract_date_conflict,medium,2023-10-01,C000834,1185.0
INV00011832,contract_date_conflict,medium,2023-02-01,C000835,1817.0
INV00011867,contract_date_conflict,medium,2024-07-01,C000836,185.25
INV00011885,contract_date_conflict,medium,2023-02-01,C000837,1817.0
INV00011920,contract_date_conflict,medium,2024-01-01,C000838,2559.6
INV00011935,contract_date_conflict,medium,2023-08-01,C000839,1185.0
INV00011955,contract_date_conflict,medium,2023-02-01,C000840,195.0
INV00011990,contract_date_conflict,medium,2024-09-01,C000841,195.0
INV00012006,contract_date_conflict,medium,2023-05-01,C000842,1959.2
INV00012038,contract_date_conflict,medium,2025-07-01,C000844,12203.1
INV00012044,contract_date_conflict,medium,2025-04-01,C000845,1659.0
INV00012053,contract_date_conflict,medium,2024-02-01,C000847,3634.0
INV00012076,contract_date_conflict,medium,2024-05-01,C000848,351.0
INV00012096,contract_date_conflict,medium,2025-08-01,C000849,1275.85
INV00012101,contract_date_conflict,medium,2023-03-01,C000850,175.5
INV00012135,contract_date_conflict,medium,2023-03-01,C000853,351.0
INV00012169,contract_date_conflict,medium,2025-02-01,C000854,1066.5
INV00012180,contract_date_conflict,medium,2024-09-01,C000856,273.0
INV00012196,contract_date_conflict,medium,2025-05-01,C000857,198.9
INV00012204,contract_date_conflict,medium,2023-05-01,C000858,13708.0
INV00012236,contract_date_conflict,medium,2025-08-01,C000859,1185.0
INV00012241,contract_date_conflict,medium,2025-02-01,C000860,9118.8
INV00012252,contract_date_conflict,medium,2024-07-01,C000861,195.0
INV00012270,contract_date_conflict,medium,2025-05-01,C000863,1185.0
INV00012278,contract_date_conflict,medium,2025-01-01,C000864,1975.0
INV00012290,contract_date_conflict,medium,2024-02-01,C000865,1066.5
INV00012313,contract_date_conflict,medium,2025-12-01,C000866,273.0
INV00012314,contract_date_conflict,medium,2025-07-01,C000868,3081.0
INV00012320,contract_date_conflict,medium,2025-10-01,C000869,333.45
INV00012323,contract_date_conflict,medium,2024-10-01,C000870,351.0
INV00012338,contract_date_conflict,medium,2024-09-01,C000871,195.0
INV00012354,contract_date_conflict,medium,2024-07-01,C000872,351.0
INV00012364,contract_date_conflict,medium,2023-12-01,C000873,1738.0
INV00012389,contract_date_conflict,medium,2023-06-01,C000875,232.05
INV00012420,contract_date_conflict,medium,2023-12-01,C000876,1501.0
INV00012445,contract_date_conflict,medium,2024-03-01,C000877,1975.0
INV00012467,contract_date_conflict,medium,2023-03-01,C000879,273.0
INV00012501,contract_date_conflict,medium,2024-05-01,C000882,2417.4
INV00012521,contract_date_conflict,medium,2025-08-01,C000883,1007.25
INV00012526,contract_date_conflict,medium,2024-02-01,C000884,1185.0
INV00012562,contract_date_conflict,medium,2023-02-01,C000886,280.8
INV00012597,contract_date_conflict,medium,2023-02-01,C000888,444.6
INV00012627,contract_date_conflict,medium,2024-10-01,C000889,1896.0
INV00012642,contract_date_conflict,medium,2024-07-01,C000890,1066.5
INV00012660,contract_date_conflict,medium,2025-05-01,C000891,2346.3
INV00012668,contract_date_conflict,medium,2024-01-01,C000892,1501.0
INV00012692,contract_date_conflict,medium,2025-04-01,C000893,165.75
INV00012717,contract_date_conflict,medium,2024-07-01,C000896,198.9
INV00012735,contract_date_conflict,medium,2023-09-01,C000897,390.0
INV00012757,contract_date_conflict,medium,2024-12-01,C000898,1185.0
INV00012770,contract_date_conflict,medium,2025-07-01,C000899,2346.3
INV00012776,contract_date_conflict,medium,2025-10-01,C000900,2449.0
INV00012779,contract_date_conflict,medium,2025-03-01,C000901,2765.0
INV00012789,contract_date_conflict,medium,2025-05-01,C000902,2291.0
INV00012797,contract_date_conflict,medium,2023-05-01,C000903,249.6
INV00012829,contract_date_conflict,medium,2025-09-01,C000904,1343.0
INV00012833,contract_date_conflict,medium,2023-08-01,C000905,1501.0
INV00012862,contract_date_conflict,medium,2023-02-01,C000906,351.0
INV00012897,contract_date_conflict,medium,2025-05-01,C000907,1813.05
INV00012905,contract_date_conflict,medium,2024-03-01,C000908,175.5
INV00012927,contract_date_conflict,medium,2024-01-01,C000909,2054.0
INV00012951,contract_date_conflict,medium,2023-03-01,C000911,3160.0
INV00012985,contract_date_conflict,medium,2024-09-01,C000912,1185.0
INV00013001,contract_date_conflict,medium,2025-02-01,C000913,2686.0
INV00013012,contract_date_conflict,medium,2023-02-01,C000914,351.0
INV00013047,contract_date_conflict,medium,2023-12-01,C000915,185.25
INV00013066,contract_date_conflict,medium,2024-06-01,C000918,2133.0
INV00013083,contract_date_conflict,medium,2024-11-01,C000919,703.95
INV00013097,contract_date_conflict,medium,2025-07-01,C000921,429.0
INV00013103,contract_date_conflict,medium,2023-07-01,C000922,1185.0
INV00013133,contract_date_conflict,medium,2023-07-01,C000923,7241.4
INV00013150,contract_date_conflict,medium,2023-07-01,C000924,175.5
INV00013180,contract_date_conflict,medium,2024-01-01,C000925,364.65
INV00013197,contract_date_conflict,medium,2025-06-01,C000926,280.8
INV00013204,contract_date_conflict,medium,2023-12-01,C000927,234.0
INV00013229,contract_date_conflict,medium,2025-03-01,C000928,2081.65
INV00013239,contract_date_conflict,medium,2024-10-01,C000931,1185.0
INV00013254,contract_date_conflict,medium,2025-02-01,C000932,1659.0
INV00013265,contract_date_conflict,medium,2024-03-01,C000933,280.8
INV00013287,contract_date_conflict,medium,2024-04-01,C000934,364.65
INV00013298,contract_date_conflict,medium,2024-02-01,C000935,210.6
INV00013321,contract_date_conflict,medium,2025-05-01,C000936,273.0
INV00013329,contract_date_conflict,medium,2025-05-01,C000937,1185.0
INV00013337,contract_date_conflict,medium,2023-07-01,C000940,1738.0
INV00013367,contract_date_conflict,medium,2025-10-01,C000941,2081.65
INV00013370,contract_date_conflict,medium,2023-06-01,C000942,245.7
INV00013379,contract_date_conflict,medium,2025-08-01,C000945,175.5
INV00013384,contract_date_conflict,medium,2025-10-01,C000946,8984.7
INV00013387,contract_date_conflict,medium,2023-06-01,C000947,195.0
INV00013410,contract_date_conflict,medium,2023-10-01,C000948,1501.0
INV00013437,contract_date_conflict,medium,2025-06-01,C000949,2528.0
INV00013444,contract_date_conflict,medium,2023-05-01,C000950,1185.0
INV00013476,contract_date_conflict,medium,2023-07-01,C000951,280.8
INV00013506,contract_date_conflict,medium,2023-01-01,C000952,245.7
INV00013530,contract_date_conflict,medium,2024-11-01,C000953,1141.55
INV00013570,contract_date_conflict,medium,2023-11-01,C000956,165.75
INV00013596,contract_date_conflict,medium,2025-12-01,C000958,1501.0
INV00013597,contract_date_conflict,medium,2025-05-01,C000959,245.7
INV00013605,contract_date_conflict,medium,2025-03-01,C000960,2176.45
INV00013615,contract_date_conflict,medium,2024-11-01,C000962,1659.0
INV00013629,contract_date_conflict,medium,2024-10-01,C000963,8642.0
INV00013638,contract_date_conflict,medium,2024-01-01,C000964,234.0
INV00013662,contract_date_conflict,medium,2023-12-01,C000965,2528.0
INV00013687,contract_date_conflict,medium,2025-06-01,C000966,234.0
INV00013694,contract_date_conflict,medium,2025-04-01,C000967,1185.0
INV00013703,contract_date_conflict,medium,2023-11-01,C000968,273.0
INV00013714,contract_date_conflict,medium,2024-09-01,C000969,222.3
INV00013727,contract_date_conflict,medium,2025-09-01,C000971,491.4
INV00013731,contract_date_conflict,medium,2024-02-01,C000972,2133.0
INV00013754,contract_date_conflict,medium,2024-09-01,C000973,8046.0
INV00013770,contract_date_conflict,medium,2023-01-01,C000975,1501.0
INV00013790,contract_date_conflict,medium,2024-05-01,C000976,1011.2
INV00013810,contract_date_conflict,medium,2023-07-01,C000977,429.0
INV00013840,contract_date_conflict,medium,2023-04-01,C000978,1659.0
INV00013867,contract_date_conflict,medium,2025-07-01,C000979,315.9
INV00013873,contract_date_conflict,medium,2025-05-01,C000981,2528.0
INV00013881,contract_date_conflict,medium,2023-07-01,C000982,364.65
INV00013911,contract_date_conflict,medium,2024-11-01,C000983,12367.0
INV00013925,contract_date_conflict,medium,2024-09-01,C000984,2291.0
INV00013941,contract_date_conflict,medium,2025-04-01,C000985,245.7
INV00013950,contract_date_conflict,medium,2024-01-01,C000986,7897.0
INV00014009,contract_date_conflict,medium,2025-06-01,C000988,1580.0
INV00014016,contract_date_conflict,medium,2023-08-01,C000989,507.0
INV00014045,contract_date_conflict,medium,2023-04-01,C000990,210.6
INV00014078,contract_date_conflict,medium,2023-02-01,C000991,1343.0
INV00014113,contract_date_conflict,medium,2025-12-01,C000992,195.0
INV00014114,contract_date_conflict,medium,2025-02-01,C000994,10877.0
INV00014125,contract_date_conflict,medium,2023-04-01,C000995,1074.4
INV00014158,contract_date_conflict,medium,2023-07-01,C000996,7107.3
INV00014182,contract_date_conflict,medium,2023-12-01,C000997,249.6
INV00014207,contract_date_conflict,medium,2023-05-01,C000998,9766.95
INV00014239,contract_date_conflict,medium,2025-02-01,C001001,165.75
INV00014250,contract_date_conflict,medium,2024-12-01,C001002,9685.0
INV00014263,contract_date_conflict,medium,2023-05-01,C001003,15794.0
INV00014295,contract_date_conflict,medium,2023-12-01,C001004,1651.1
INV00014320,contract_date_conflict,medium,2024-03-01,C001005,429.0
INV00014342,contract_date_conflict,medium,2024-12-01,C001006,1200.8
INV00014355,contract_date_conflict,medium,2024-10-01,C001007,1007.25
INV00014370,contract_date_conflict,medium,2023-06-01,C001008,273.0
INV00014401,contract_date_conflict,medium,2023-11-01,C001009,1422.0
INV00014427,contract_date_conflict,medium,2024-06-01,C001010,156.0
INV00014439,contract_date_conflict,medium,2025-09-01,C001011,195.0
INV00014443,contract_date_conflict,medium,2024-03-01,C001012,195.0
INV00014465,contract_date_conflict,medium,2025-08-01,C001013,351.0
INV00014470,contract_date_conflict,medium,2023-06-01,C001014,280.8
INV00014501,contract_date_conflict,medium,2024-11-01,C001015,185.25
INV00014515,contract_date_conflict,medium,2025-11-01,C001016,9983.0
INV00014517,contract_date_conflict,medium,2023-03-01,C001018,175.5
INV00014526,contract_date_conflict,medium,2023-04-01,C001019,1185.0
INV00014559,contract_date_conflict,medium,2023-09-01,C001020,1659.0
INV00014587,contract_date_conflict,medium,2023-05-01,C001021,507.0
INV00014619,contract_date_conflict,medium,2025-05-01,C001022,13112.0
INV00014627,contract_date_conflict,medium,2023-03-01,C001023,9089.0
INV00014661,contract_date_conflict,medium,2024-02-01,C001024,10258.65
INV00014684,contract_date_conflict,medium,2025-07-01,C001025,2370.0
INV00014690,contract_date_conflict,medium,2023-06-01,C001027,7450.0
INV00014703,contract_date_conflict,medium,2023-03-01,C001028,11920.0
INV00014737,contract_date_conflict,medium,2024-10-01,C001029,232.05
INV00014752,contract_date_conflict,medium,2024-02-01,C001030,273.0
INV00014766,contract_date_conflict,medium,2024-12-01,C001032,8642.0
INV00014779,contract_date_conflict,medium,2025-04-01,C001033,1066.5
INV00014788,contract_date_conflict,medium,2025-03-01,C001034,165.75
INV00014798,contract_date_conflict,medium,2025-10-01,C001036,9908.5
INV00014801,contract_date_conflict,medium,2024-09-01,C001037,175.5
INV00014837,contract_date_conflict,medium,2023-08-01,C001039,280.8
INV00014866,contract_date_conflict,medium,2023-12-01,C001040,1738.0
INV00014873,contract_date_conflict,medium,2023-04-01,C001041,234.0
INV00014906,contract_date_conflict,medium,2024-10-01,C001042,232.05
INV00014921,contract_date_conflict,medium,2023-01-01,C001043,11398.5
INV00014957,contract_date_conflict,medium,2023-05-01,C001044,333.45
INV00014989,contract_date_conflict,medium,2023-05-01,C001047,2844.0
INV00015021,contract_date_conflict,medium,2025-08-01,C001048,195.0
INV00015026,contract_date_conflict,medium,2024-11-01,C001049,468.0
INV00015040,contract_date_conflict,medium,2025-09-01,C001051,234.0
INV00015044,contract_date_conflict,medium,2025-04-01,C001052,1990.8
INV00015053,contract_date_conflict,medium,2024-10-01,C001053,1896.0
INV00015068,contract_date_conflict,medium,2023-09-01,C001055,1350.9
INV00015096,contract_date_conflict,medium,2024-05-01,C001056,273.0
INV00015133,contract_date_conflict,medium,2024-09-01,C001058,14155.0
INV00015149,contract_date_conflict,medium,2023-04-01,C001059,1975.0
INV00015172,contract_date_conflict,medium,2023-10-01,C001060,195.0
INV00015185,contract_date_conflict,medium,2025-05-01,C001062,10616.25
INV00015193,contract_date_conflict,medium,2024-03-01,C001063,1185.0
INV00015215,contract_date_conflict,medium,2025-01-01,C001065,390.0
INV00015227,contract_date_conflict,medium,2023-07-01,C001066,195.0
INV00015257,contract_date_conflict,medium,2024-11-01,C001067,1137.6
INV00015271,contract_date_conflict,medium,2023-02-01,C001068,234.0
INV00015306,contract_date_conflict,medium,2024-08-01,C001069,390.0
INV00015348,contract_date_conflict,medium,2024-08-01,C001071,195.0
INV00015365,contract_date_conflict,medium,2024-08-01,C001072,2488.5
INV00015382,contract_date_conflict,medium,2023-04-01,C001073,175.5
INV00015415,contract_date_conflict,medium,2024-02-01,C001074,9238.0
INV00015438,contract_date_conflict,medium,2024-07-01,C001075,1422.0
INV00015456,contract_date_conflict,medium,2023-08-01,C001076,1410.15
INV00015485,contract_date_conflict,medium,2025-07-01,C001077,1501.0
INV00015491,contract_date_conflict,medium,2023-05-01,C001078,273.0
INV00015523,contract_date_conflict,medium,2024-08-01,C001079,1580.0
INV00015540,contract_date_conflict,medium,2024-05-01,C001080,315.9
INV00015560,contract_date_conflict,medium,2023-01-01,C001081,11040.9
INV00015596,contract_date_conflict,medium,2024-11-01,C001082,15645.0
INV00015610,contract_date_conflict,medium,2025-07-01,C001083,1576.05
INV00015616,contract_date_conflict,medium,2025-11-01,C001084,2528.0
INV00015618,contract_date_conflict,medium,2024-04-01,C001085,175.5
INV00015639,contract_date_conflict,medium,2023-09-01,C001086,975.0
INV00015667,contract_date_conflict,medium,2025-01-01,C001087,195.0
INV00015679,contract_date_conflict,medium,2023-09-01,C001088,1951.3
INV00015707,contract_date_conflict,medium,2025-05-01,C001089,2844.0
INV00015715,contract_date_conflict,medium,2024-04-01,C001090,6705.0
INV00015736,contract_date_conflict,medium,2025-07-01,C001092,351.0
INV00015742,contract_date_conflict,medium,2025-03-01,C001094,351.0
INV00015752,contract_date_conflict,medium,2024-03-01,C001095,15198.0
INV00015762,contract_date_conflict,medium,2024-10-01,C001096,1564.2
INV00015777,contract_date_conflict,medium,2023-09-01,C001097,351.0
INV00015805,contract_date_conflict,medium,2023-08-01,C001098,13112.0
INV00015834,contract_date_conflict,medium,2023-08-01,C001099,3894.7
INV00015863,contract_date_conflict,medium,2023-03-01,C001100,1477.3
INV00015876,contract_date_conflict,medium,2024-09-01,C001101,16241.0
INV00015892,contract_date_conflict,medium,2023-10-01,C001102,273.0
INV00015919,contract_date_conflict,medium,2023-08-01,C001103,364.65
INV00015948,contract_date_conflict,medium,2025-12-01,C001104,273.0
INV00015949,contract_date_conflict,medium,2025-12-01,C001105,273.0
INV00015950,contract_date_conflict,medium,2024-06-01,C001107,1896.0
INV00015969,contract_date_conflict,medium,2025-01-01,C001109,245.7
INV00015981,contract_date_conflict,medium,2025-11-01,C001112,1343.0
INV00015983,contract_date_conflict,medium,2024-10-01,C001113,8344.0
INV00015998,contract_date_conflict,medium,2025-10-01,C001114,663.0
INV00016001,contract_date_conflict,medium,2025-12-01,C001115,234.0
INV00016002,contract_date_conflict,medium,2024-10-01,C001116,3033.6
INV00016017,contract_date_conflict,medium,2023-09-01,C001117,8850.6
INV00016045,contract_date_conflict,medium,2023-05-01,C001119,1425.95
INV00016053,contract_date_conflict,medium,2024-11-01,C001120,2528.0
INV00016067,contract_date_conflict,medium,2024-01-01,C001122,1425.95
INV00016091,contract_date_conflict,medium,2025-03-01,C001124,195.0
INV00016101,contract_date_conflict,medium,2025-08-01,C001125,280.8
INV00016119,contract_date_conflict,medium,2023-07-01,C001127,195.0
INV00016167,contract_date_conflict,medium,2024-05-01,C001129,195.0
INV00016187,contract_date_conflict,medium,2024-01-01,C001130,1580.0
INV00016211,contract_date_conflict,medium,2023-10-01,C001131,1185.0
INV00016238,contract_date_conflict,medium,2025-08-01,C001132,507.0
INV00016243,contract_date_conflict,medium,2023-02-01,C001133,2607.0
INV00016278,contract_date_conflict,medium,2025-05-01,C001134,195.0
INV00016286,contract_date_conflict,medium,2025-09-01,C001135,10132.0
INV00016290,contract_date_conflict,medium,2024-07-01,C001136,245.7
INV00016308,contract_date_conflict,medium,2023-02-01,C001138,11026.0
INV00016343,contract_date_conflict,medium,2024-06-01,C001139,312.0
INV00016362,contract_date_conflict,medium,2024-08-01,C001140,468.0
INV00016371,contract_date_conflict,medium,2023-10-01,C001141,195.0
INV00016398,contract_date_conflict,medium,2025-06-01,C001142,1880.2
INV00016405,contract_date_conflict,medium,2023-05-01,C001143,210.6
INV00016437,contract_date_conflict,medium,2024-09-01,C001144,351.0
INV00016453,contract_date_conflict,medium,2025-10-01,C001147,234.0
INV00016456,contract_date_conflict,medium,2024-10-01,C001148,1564.2
INV00016471,contract_date_conflict,medium,2024-07-01,C001149,175.5
INV00016489,contract_date_conflict,medium,2023-04-01,C001150,8716.5
INV00016522,contract_date_conflict,medium,2025-05-01,C001151,1200.8
INV00016530,contract_date_conflict,medium,2023-02-01,C001152,10728.0
INV00016575,contract_date_conflict,medium,2023-12-01,C001154,273.0
INV00016600,contract_date_conflict,medium,2025-01-01,C001155,1564.2
INV00016612,contract_date_conflict,medium,2024-12-01,C001156,386.1
INV00016625,contract_date_conflict,medium,2024-02-01,C001157,234.0
INV00016648,contract_date_conflict,medium,2025-08-01,C001158,1410.15
INV00016653,contract_date_conflict,medium,2023-05-01,C001159,1007.25
INV00016692,contract_date_conflict,medium,2024-04-01,C001162,1185.0
INV00016713,contract_date_conflict,medium,2024-09-01,C001163,156.0
INV00016729,contract_date_conflict,medium,2023-08-01,C001164,1279.8
INV00016758,contract_date_conflict,medium,2023-12-01,C001165,234.0
INV00016783,contract_date_conflict,medium,2023-12-01,C001166,312.0
INV00016789,contract_date_conflict,medium,2024-12-01,C001167,1544.45
INV00016802,contract_date_conflict,medium,2024-01-01,C001168,175.5
INV00016826,contract_date_conflict,medium,2024-02-01,C001169,195.0
INV00016849,contract_date_conflict,medium,2025-09-01,C001170,165.75
INV00016853,contract_date_conflict,medium,2024-01-01,C001171,9387.0
INV00016877,contract_date_conflict,medium,2024-03-01,C001172,245.7
INV00016886,contract_date_conflict,medium,2024-12-01,C001173,1185.0
INV00016899,contract_date_conflict,medium,2024-04-01,C001174,390.0
INV00016920,contract_date_conflict,medium,2024-02-01,C001175,234.0
INV00016943,contract_date_conflict,medium,2024-01-01,C001176,259.35
INV00016967,contract_date_conflict,medium,2024-03-01,C001177,2401.6
INV00016989,contract_date_conflict,medium,2025-08-01,C001178,198.9
INV00016994,contract_date_conflict,medium,2025-06-01,C001179,13447.25
INV00017001,contract_date_conflict,medium,2025-09-01,C001180,2449.0
INV00017005,contract_date_conflict,medium,2023-08-01,C001181,1185.0
INV00017020,contract_date_conflict,medium,2024-10-01,C001182,351.0
INV00017026,contract_date_conflict,medium,2024-03-01,C001183,1185.0
INV00017048,contract_date_conflict,medium,2024-06-01,C001184,3871.0
INV00017067,contract_date_conflict,medium,2023-06-01,C001185,195.0
INV00017098,contract_date_conflict,medium,2024-04-01,C001186,175.5
INV00017119,contract_date_conflict,medium,2024-09-01,C001187,390.0
INV00017135,contract_date_conflict,medium,2023-10-01,C001189,185.25
INV00017160,contract_date_conflict,medium,2025-05-01,C001190,234.0
INV00017168,contract_date_conflict,medium,2024-04-01,C001191,2212.0
INV00017189,contract_date_conflict,medium,2023-03-01,C001192,234.0
INV00017223,contract_date_conflict,medium,2024-05-01,C001193,1580.0
INV00017243,contract_date_conflict,medium,2024-03-01,C001194,195.0
INV00017265,contract_date_conflict,medium,2024-08-01,C001196,7077.5
INV00017282,contract_date_conflict,medium,2023-06-01,C001197,1007.25
INV00017313,contract_date_conflict,medium,2025-06-01,C001198,195.0
INV00017320,contract_date_conflict,medium,2023-09-01,C001199,7450.0
INV00017348,contract_date_conflict,medium,2025-12-01,C001200,3634.0
