account_id,as_of_date,segment,risk,churned
A000395,2025-09-30,smb,0.0903166463060474,0
A000067,2025-09-30,smb,0.0862044988048652,0
A000291,2025-09-30,smb,0.0855453685232012,0
A000464,2025-09-30,enterprise,0.0845284344878809,0
A000311,2025-09-30,smb,0.0809541463094038,0
A000115,2025-09-30,smb,0.0768651112971236,0
A001118,2025-09-30,smb,0.075699315588191,0
A000474,2025-09-30,smb,0.0756478993951507,0
A000778,2025-09-30,smb,0.0756091406004384,0
A000019,2025-09-30,smb,0.0745489698578094,0
A000762,2025-09-30,smb,0.073762436058539,0
A000087,2025-09-30,smb,0.0725432181746433,0
A000042,2025-09-30,smb,0.0703262060158856,0
A000002,2025-09-30,smb,0.0702817048625253,0
A001152,2025-09-30,smb,0.0695424184059074,0
A000914,2025-09-30,smb,0.0694793776703085,0
A000888,2025-09-30,smb,0.0693562623298738,0
A000903,2025-09-30,smb,0.0685361576157897,0
A000283,2025-09-30,smb,0.0677347172164685,0
A000497,2025-09-30,smb,0.0668694620685385,0
A000685,2025-09-30,smb,0.0668673359796133,0
A000091,2025-09-30,smb,0.0660346357839558,1
A000132,2025-09-30,smb,0.0657701302751025,0
A000626,2025-09-30,smb,0.0656847996144678,0
A000165,2025-09-30,smb,0.0656123028143595,0
A001028,2025-09-30,smb,0.0656040904294471,0
A000939,2025-09-30,smb,0.065592461796712,0
A000806,2025-09-30,mid-market,0.0653629578084773,0
A000633,2025-09-30,smb,0.064491656479227,0
A000952,2025-09-30,smb,0.0643859877772918,0
A000328,2025-09-30,smb,0.0643670785297312,0
A000978,2025-09-30,smb,0.0642483850062309,0
A000942,2025-09-30,smb,0.0640864601314677,1
A000230,2025-09-30,mid-market,0.0639174774280263,0
A000419,2025-09-30,smb,0.0638359222644768,0
A001192,2025-09-30,enterprise,0.0620516450454897,0
A000366,2025-09-30,smb,0.061713848715539,0
A000975,2025-09-30,smb,0.0613922575623948,0
A000049,2025-09-30,smb,0.0612830554788572,0
A000822,2025-09-30,smb,0.0611713032254546,0
A001078,2025-09-30,smb,0.0599754958624116,0
A000234,2025-09-30,smb,0.0599609121148305,0
A000196,2025-09-30,smb,0.0597719700161476,0
A001081,2025-09-30,mid-market,0.0591778401563924,0
A000760,2025-09-30,smb,0.0591465640247782,0
A000886,2025-09-30,smb,0.0591362560983956,0
A000894,2025-09-30,smb,0.0591350649566772,0
A000559,2025-09-30,smb,0.0585515194014952,0
A000023,2025-09-30,smb,0.0583208762878734,0
A000987,2025-09-30,enterprise,0.0582699259975199,0
A000704,2025-09-30,smb,0.0582475517054793,0
A000466,2025-09-30,smb,0.0572583975486682,0
A000821,2025-09-30,smb,0.0569750011958963,0
A001027,2025-09-30,smb,0.0565978215187802,0
A000516,2025-09-30,smb,0.0563994768739999,0
A000225,2025-09-30,smb,0.0562953101202732,0
A000473,2025-09-30,smb,0.0562157644689607,0
A000720,2025-09-30,smb,0.0561807120334117,0
A000906,2025-09-30,smb,0.0560326042890727,0
A000879,2025-09-30,smb,0.0559075029229093,0
A001185,2025-09-30,smb,0.0554664170787357,0
A000034,2025-09-30,smb,0.0549623859229543,0
A000584,2025-09-30,smb,0.0548243032919133,0
A001076,2025-09-30,smb,0.0544273517627238,0
A000776,2025-09-30,smb,0.0537609891909703,0
A000451,2025-09-30,mid-market,0.0536626490618711,0
A000339,2025-09-30,smb,0.0535244068886669,0
A000007,2025-09-30,smb,0.0534177645928946,0
A000070,2025-09-30,smb,0.0533897078329901,0
A000621,2025-09-30,smb,0.0533715755815047,0
A000755,2025-09-30,smb,0.0531617756280836,0
A000741,2025-09-30,smb,0.0530062006514771,0
A001138,2025-09-30,smb,0.0529830706402428,0
A000507,2025-09-30,enterprise,0.0528504390675571,0
A001061,2025-09-30,smb,0.0527163102839658,0
A000071,2025-09-30,smb,0.0527051104520114,1
A000020,2025-09-30,smb,0.0526143413999686,1
A000839,2025-09-30,smb,0.0525216384860533,0
A000947,2025-09-30,smb,0.0524821325675785,0
A000513,2025-09-30,smb,0.0518315744148387,0
A001164,2025-09-30,enterprise,0.051794444954698,0
A000592,2025-09-30,mid-market,0.0517823750112768,0
A000663,2025-09-30,smb,0.0516235412819138,0
A000548,2025-09-30,smb,0.0512018470626332,0
A000094,2025-09-30,smb,0.0511966666777682,0
A000993,2025-09-30,smb,0.0509466743684487,0
A000492,2025-09-30,smb,0.0508829194432682,0
A001166,2025-09-30,smb,0.0507960163736406,0
A000837,2025-09-30,smb,0.0505000232246926,0
A001127,2025-09-30,smb,0.0504706404453056,0
A000387,2025-09-30,smb,0.0501258331552278,0
A001143,2025-09-30,smb,0.0498960191445878,0
A001145,2025-09-30,smb,0.0498607037478839,0
A000430,2025-09-30,mid-market,0.0498104927674804,0
A000956,2025-09-30,enterprise,0.0497753290858464,0
A000642,2025-09-30,smb,0.0496588878473078,0
A000692,2025-09-30,smb,0.0493588385811766,0
A000639,2025-09-30,mid-market,0.0491056785898632,0
A000299,2025-09-30,smb,0.0490119651070456,0
A000048,2025-09-30,smb,0.0490058067183313,0
A000338,2025-09-30,smb,0.0489272298705233,0
A000610,2025-09-30,smb,0.0486561980349279,0
A000242,2025-09-30,smb,0.0486099746959763,0
A000536,2025-09-30,mid-market,0.0485857136508875,0
A000611,2025-09-30,smb,0.0484570446225535,0
A000168,2025-09-30,mid-market,0.0484528777297623,0
A000193,2025-09-30,smb,0.0484027518526286,0
A000934,2025-09-30,smb,0.0483807661274578,0
A000320,2025-09-30,mid-market,0.0482672179905141,0
A000709,2025-09-30,smb,0.0480989896468553,0
A000533,2025-09-30,smb,0.0480495947316598,0
A000244,2025-09-30,smb,0.0480061978478781,0
A001181,2025-09-30,enterprise,0.047941565620292,0
A000785,2025-09-30,mid-market,0.047759989327372,0
A001102,2025-09-30,smb,0.0477056944743693,0
A000840,2025-09-30,mid-market,0.0474340620784789,0
A000534,2025-09-30,smb,0.0474272976833455,0
A000342,2025-09-30,smb,0.0472629058938333,0
A000264,2025-09-30,smb,0.0470459239752038,0
A001197,2025-09-30,smb,0.047017423538133,0
A000805,2025-09-30,mid-market,0.0468039916941545,0
A000332,2025-09-30,smb,0.0464299865666128,0
A000215,2025-09-30,smb,0.0463434715162273,0
A001103,2025-09-30,smb,0.0462393423748603,0
A000456,2025-09-30,enterprise,0.0462191879174795,0
A000768,2025-09-30,smb,0.0462179942112659,0
A000771,2025-09-30,smb,0.0461653465688461,0
A000391,2025-09-30,smb,0.0460787027299834,0
A000526,2025-09-30,smb,0.0459371794722961,0
A000731,2025-09-30,smb,0.0457624124972952,0
A000968,2025-09-30,smb,0.0456754326201906,0
A000835,2025-09-30,mid-market,0.0455824099347767,0
A000924,2025-09-30,smb,0.0455668689312835,0
A000846,2025-09-30,smb,0.0454690760939625,0
A000943,2025-09-30,smb,0.0454019747906897,0
A000488,2025-09-30,smb,0.0452812876598935,0
A000982,2025-09-30,smb,0.0452550276086539,0
A000783,2025-09-30,mid-market,0.0452261193085155,0
A000779,2025-09-30,smb,0.0450340890173169,0
A000922,2025-09-30,smb,0.0449552163605421,0
A000522,2025-09-30,smb,0.0449527535547741,0
A000569,2025-09-30,mid-market,0.0449362547259074,0
A001019,2025-09-30,mid-market,0.0446339340723722,0
A000677,2025-09-30,mid-market,0.0445446254145394,0
A001168,2025-09-30,smb,0.0445382584164084,0
A001008,2025-09-30,smb,0.0442187909164825,0
A000471,2025-09-30,smb,0.0442140358625318,0
A000121,2025-09-30,mid-market,0.0441730718429419,1
A000686,2025-09-30,smb,0.0441025713707377,0
A000315,2025-09-30,smb,0.0440801436232602,0
A000403,2025-09-30,smb,0.0439421283643586,0
A001068,2025-09-30,smb,0.0438735175056241,0
A000349,2025-09-30,smb,0.043826237764446,0
A000950,2025-09-30,smb,0.0437316321756295,0
A000964,2025-09-30,smb,0.0436604119156219,0
A001100,2025-09-30,smb,0.0436062335327356,0
A000044,2025-09-30,mid-market,0.0434431202284252,0
A000636,2025-09-30,enterprise,0.043419754790272,0
A000441,2025-09-30,enterprise,0.0433648309251743,0
A000915,2025-09-30,smb,0.0433424500508798,0
A000226,2025-09-30,smb,0.0433247119085379,0
A001014,2025-09-30,smb,0.0431583087929612,0
A000485,2025-09-30,smb,0.0431537253814458,0
A000564,2025-09-30,smb,0.0430081135871831,0
A001039,2025-09-30,smb,0.0429462980148897,0
A000823,2025-09-30,smb,0.042929945124248,0
A000627,2025-09-30,smb,0.0428682465904559,0
A000724,2025-09-30,smb,0.0428590227155922,0
A000996,2025-09-30,smb,0.0428453217816083,0
A000578,2025-09-30,smb,0.0427134642496523,0
A000308,2025-09-30,smb,0.0426230775446751,0
A001140,2025-09-30,smb,0.0426043200660918,0
A000520,2025-09-30,mid-market,0.0423547088169071,1
A000850,2025-09-30,mid-market,0.0423365207505554,0
A000185,2025-09-30,mid-market,0.0423042583015271,0
A000998,2025-09-30,smb,0.0422445287066303,0
A000853,2025-09-30,mid-market,0.0421319492388635,0
A000872,2025-09-30,smb,0.0420989932640023,0
A000765,2025-09-30,smb,0.0420386468472947,0
A001041,2025-09-30,smb,0.0420189211100275,0
A001133,2025-09-30,smb,0.0419395367204828,0
A001066,2025-09-30,mid-market,0.0418436648140376,0
A000217,2025-09-30,smb,0.0418107271314833,0
A000256,2025-09-30,smb,0.0417836500959344,0
A000635,2025-09-30,smb,0.0417693199547279,0
A000482,2025-09-30,smb,0.0416369524110355,0
A000618,2025-09-30,mid-market,0.0416314957803424,0
A000106,2025-09-30,mid-market,0.0414731084618861,0
A000250,2025-09-30,mid-market,0.0414558480196838,0
A000885,2025-09-30,smb,0.0414452626506508,0
A000050,2025-09-30,mid-market,0.0410580672391745,0
A000231,2025-09-30,smb,0.0409865887998677,0
A000499,2025-09-30,mid-market,0.0409584986277366,0
A000607,2025-09-30,smb,0.0409544951150878,0
A000705,2025-09-30,enterprise,0.0408628221608707,0
A000565,2025-09-30,mid-market,0.040704107797341,0
A001159,2025-09-30,enterprise,0.0406597739351884,0
A000321,2025-09-30,smb,0.0405718857577461,0
A001043,2025-09-30,smb,0.0405069990550385,0
A000074,2025-09-30,smb,0.0404145515763663,0
A000617,2025-09-30,smb,0.040324326826187,0
A000543,2025-09-30,smb,0.0403122387416308,0
A000556,2025-09-30,smb,0.0403081908958598,0
A001189,2025-09-30,smb,0.0402995531876707,1
A001150,2025-09-30,smb,0.0401272808634779,0
A000382,2025-09-30,smb,0.0400607138615903,0
A000172,2025-09-30,smb,0.039987431722701,0
A000245,2025-09-30,smb,0.0399763677068864,0
A000481,2025-09-30,enterprise,0.0399598551819149,0
A000354,2025-09-30,smb,0.0399405734667811,0
A000895,2025-09-30,smb,0.0399351100140465,0
A000880,2025-09-30,mid-market,0.0399142401421638,0
A000925,2025-09-30,smb,0.0398479181049389,0
A000406,2025-09-30,mid-market,0.0398023239543504,0
A000875,2025-09-30,smb,0.0397697954098498,1
A001165,2025-09-30,smb,0.0397053329907859,0
A000750,2025-09-30,smb,0.0396918603544758,0
A000608,2025-09-30,smb,0.0396402531457036,0
A000622,2025-09-30,mid-market,0.0396067924773476,0
A001097,2025-09-30,enterprise,0.0395977511487702,0
A000356,2025-09-30,smb,0.0395834544238581,0
A000521,2025-09-30,smb,0.0393690343886697,0
A000668,2025-09-30,mid-market,0.0393513892289931,0
A000045,2025-09-30,smb,0.0392500685466831,1
A000287,2025-09-30,smb,0.0391938501003691,0
A000031,2025-09-30,enterprise,0.0391254292709441,0
A000955,2025-09-30,smb,0.0390220657572811,0
A000022,2025-09-30,mid-market,0.0390200417122255,0
A000279,2025-09-30,mid-market,0.038879762793684,0
A000787,2025-09-30,enterprise,0.0387890302518826,0
A000591,2025-09-30,smb,0.0387790743980444,0
A000995,2025-09-30,smb,0.0384731902926564,0
A001000,2025-09-30,enterprise,0.0384193667889463,0
A000991,2025-09-30,mid-market,0.0383840168899616,0
A000842,2025-09-30,smb,0.0383597707618166,0
A000897,2025-09-30,smb,0.0382129948857967,0
A001060,2025-09-30,mid-market,0.0381911360175534,0
A001044,2025-09-30,smb,0.0381625763389695,0
A000046,2025-09-30,enterprise,0.0381514838343011,0
A000594,2025-09-30,mid-market,0.0381425288462765,0
A000124,2025-09-30,enterprise,0.0380870536693964,0
A000353,2025-09-30,smb,0.0379871045198924,0
A000064,2025-09-30,enterprise,0.0379305423315835,0
A000426,2025-09-30,smb,0.0379209944379315,0
A000407,2025-09-30,mid-market,0.037792466048735,0
A000465,2025-09-30,smb,0.0376666938852076,0
A000834,2025-09-30,enterprise,0.0376373894095685,0
A000552,2025-09-30,enterprise,0.0376228070076003,0
A000270,2025-09-30,smb,0.0375132571807605,0
A000784,2025-09-30,mid-market,0.037457261147139,1
A000487,2025-09-30,smb,0.0374479687350979,0
A000706,2025-09-30,smb,0.0373451274584365,0
A000980,2025-09-30,smb,0.0373389764050217,0
A001098,2025-09-30,enterprise,0.0373359432192409,0
A000518,2025-09-30,mid-market,0.0373074957367184,0
A000948,2025-09-30,smb,0.0372666374119061,0
A000100,2025-09-30,enterprise,0.0372327551733226,0
A000241,2025-09-30,enterprise,0.0371461558408989,0
A001029,2025-09-30,smb,0.03709395988707,0
A000239,2025-09-30,smb,0.0370183903105558,0
A000439,2025-09-30,mid-market,0.0369998617490279,0
A000576,2025-09-30,smb,0.0369784622447292,0
A000442,2025-09-30,smb,0.0369780618113858,0
A000099,2025-09-30,enterprise,0.0369304460011925,0
A000083,2025-09-30,mid-market,0.0369232649145853,0
A001196,2025-09-30,smb,0.0368663849230741,0
A000274,2025-09-30,smb,0.0368323252537487,0
A000024,2025-09-30,smb,0.0367865544021516,0
A000599,2025-09-30,smb,0.036739131006515,0
A000390,2025-09-30,mid-market,0.0367000068059539,0
A001141,2025-09-30,smb,0.0365756215165676,0
A000378,2025-09-30,smb,0.03656404811009,0
A000586,2025-09-30,mid-market,0.036358139385526,0
A000483,2025-09-30,enterprise,0.0363476031549736,0
A000086,2025-09-30,mid-market,0.03633236761832,0
A000905,2025-09-30,smb,0.0362931370041836,0
A000127,2025-09-30,mid-market,0.0362463459127836,0
A000043,2025-09-30,mid-market,0.0362198901076844,0
A000729,2025-09-30,mid-market,0.0360381914673268,0
A000658,2025-09-30,smb,0.0359747914656138,0
A001153,2025-09-30,smb,0.0359449946097007,0
A000577,2025-09-30,smb,0.0358723227601461,0
A000652,2025-09-30,smb,0.0358654764373421,0
A000409,2025-09-30,smb,0.0358224448915253,0
A000890,2025-09-30,smb,0.0357731317149172,0
A000029,2025-09-30,smb,0.035658823484393,0
A000909,2025-09-30,smb,0.0355162630368882,0
A000973,2025-09-30,smb,0.0354575275437447,0
A000305,2025-09-30,enterprise,0.0354564473322374,0
A000295,2025-09-30,smb,0.0354216122634261,0
A001095,2025-09-30,smb,0.0353752567777929,0
A000503,2025-09-30,mid-market,0.0353351237659474,0
A001137,2025-09-30,smb,0.03532564628182,0
A001020,2025-09-30,smb,0.0352680615220736,0
A000176,2025-09-30,smb,0.0352074848398744,1
A000357,2025-09-30,mid-market,0.0351938349308237,0
A000573,2025-09-30,smb,0.0351058780717112,0
A000475,2025-09-30,enterprise,0.0350219418516295,0
A000744,2025-09-30,smb,0.0348517317553785,0
A000037,2025-09-30,smb,0.0347726554043617,0
A001021,2025-09-30,mid-market,0.0347620629662207,0
A000601,2025-09-30,smb,0.0347226976866193,0
A000033,2025-09-30,smb,0.0346886404551592,0
A000068,2025-09-30,smb,0.0345766492018315,0
A000146,2025-09-30,smb,0.0345436319674848,0
A000151,2025-09-30,smb,0.0345210459185631,0
A000976,2025-09-30,smb,0.0345048670948543,0
A000201,2025-09-30,mid-market,0.0344190449960539,0
A000254,2025-09-30,smb,0.0343394568061189,0
A000970,2025-09-30,smb,0.0343345443446526,0
A000223,2025-09-30,smb,0.0343288547876331,0
A000200,2025-09-30,enterprise,0.0343285235978349,0
A000262,2025-09-30,mid-market,0.0342642775368891,0
A000364,2025-09-30,smb,0.0341794956408222,0
A000434,2025-09-30,smb,0.0341357553419256,0
A000476,2025-09-30,smb,0.034025145380676,0
A001023,2025-09-30,mid-market,0.0340165333964729,0
A000137,2025-09-30,enterprise,0.0339158732261599,0
A001172,2025-09-30,mid-market,0.0338885526457341,0
A000671,2025-09-30,smb,0.0338733007715139,0
A000457,2025-09-30,smb,0.0338266103401384,0
A000990,2025-09-30,enterprise,0.0337583150438446,0
A001059,2025-09-30,mid-market,0.0337185257594473,0
A000307,2025-09-30,mid-market,0.0336751408744497,0
A000162,2025-09-30,mid-market,0.0336486397702003,0
A000867,2025-09-30,smb,0.033309468413961,0
A000343,2025-09-30,enterprise,0.03321292692822,0
A000258,2025-09-30,mid-market,0.0332008030549046,0
A000734,2025-09-30,smb,0.0329885170889479,0
A000158,2025-09-30,enterprise,0.0329398821404037,0
A001108,2025-09-30,smb,0.0328920627386932,0
A000413,2025-09-30,smb,0.0328825741686807,0
A000574,2025-09-30,smb,0.0327970035769729,0
A000372,2025-09-30,smb,0.032750447212683,0
A000723,2025-09-30,smb,0.0327474165704261,0
A000986,2025-09-30,smb,0.032744944882213,0
A001131,2025-09-30,mid-market,0.0326542815064175,0
A000026,2025-09-30,smb,0.0325824891291947,0
A000009,2025-09-30,smb,0.0325795316807678,0
A000969,2025-09-30,smb,0.0325394902803354,0
A000347,2025-09-30,smb,0.0325142713466901,0
A000450,2025-09-30,mid-market,0.0324979900377422,0
A000235,2025-09-30,mid-market,0.0323637772714984,0
A001157,2025-09-30,smb,0.0321562409251367,0
A001046,2025-09-30,mid-market,0.032123265711051,0
A000587,2025-09-30,smb,0.0321059017878478,0
A000460,2025-09-30,mid-market,0.0320182553704337,0
A000825,2025-09-30,mid-market,0.0320148113678891,0
A000174,2025-09-30,mid-market,0.0320104584281837,0
A000884,2025-09-30,smb,0.0319494047121019,0
A000769,2025-09-30,enterprise,0.0318742817594625,0
A000781,2025-09-30,mid-market,0.0318706885922467,0
A001064,2025-09-30,enterprise,0.0318196791441831,0
A000303,2025-09-30,smb,0.031795932851046,0
A000799,2025-09-30,smb,0.0317870240121467,0
A000753,2025-09-30,smb,0.0317682373368046,0
A000989,2025-09-30,enterprise,0.0317234797392516,0
A000940,2025-09-30,mid-market,0.0316999252315075,0
A000816,2025-09-30,enterprise,0.0315796039515734,0
A001163,2025-09-30,smb,0.0315497828288709,0
A000300,2025-09-30,smb,0.0315420892201526,0
A000253,2025-09-30,smb,0.0315175269725447,0
A000858,2025-09-30,mid-market,0.0314925997591977,0
A000159,2025-09-30,smb,0.0314520298557291,0
A000609,2025-09-30,smb,0.0314481825372013,0
A000420,2025-09-30,mid-market,0.0313755258264138,0
A000756,2025-09-30,enterprise,0.0312851302510631,0
A000581,2025-09-30,smb,0.0312512820405497,0
A001146,2025-09-30,mid-market,0.0312334467156782,0
A000999,2025-09-30,smb,0.03118724547509,0
A001171,2025-09-30,enterprise,0.0311802460641713,0
A000089,2025-09-30,mid-market,0.0311535010413507,0
A000399,2025-09-30,mid-market,0.0311150391031772,0
A000107,2025-09-30,mid-market,0.0310995197433113,0
A000732,2025-09-30,smb,0.0309694062212556,0
A001054,2025-09-30,smb,0.0309481463054563,0
A000073,2025-09-30,mid-market,0.0309330885755144,0
A000735,2025-09-30,smb,0.0308046612066711,0
A000001,2025-09-30,smb,0.030781583491122,0
A000923,2025-09-30,mid-market,0.0306694245828827,0
A000371,2025-09-30,mid-market,0.030653944890652,0
A000112,2025-09-30,enterprise,0.0305301287304679,0
A001199,2025-09-30,mid-market,0.0304738151743004,0
A000414,2025-09-30,mid-market,0.0304352208608329,1
A000876,2025-09-30,smb,0.0302394308585096,0
A000759,2025-09-30,smb,0.0301774670105036,0
A000186,2025-09-30,smb,0.0301153529650163,0
A000330,2025-09-30,mid-market,0.0300726825844124,0
A000214,2025-09-30,smb,0.0300558367440797,0
A000400,2025-09-30,smb,0.0300487739174091,0
A001073,2025-09-30,mid-market,0.0300365674854279,0
A000017,2025-09-30,smb,0.0298909661601869,0
A000595,2025-09-30,smb,0.0298895834040595,0
A000726,2025-09-30,mid-market,0.0298063311647701,0
A000855,2025-09-30,mid-market,0.0297942191037795,0
A001119,2025-09-30,smb,0.0295654046701908,0
A001003,2025-09-30,mid-market,0.0295498072165694,0
A001126,2025-09-30,enterprise,0.0295246445094344,0
A000489,2025-09-30,mid-market,0.029425954363154,0
A000325,2025-09-30,smb,0.0294018831563893,0
A000775,2025-09-30,smb,0.029375930543888,0
A000917,2025-09-30,mid-market,0.0293441788288462,0
A000381,2025-09-30,smb,0.0292882705454644,0
A001006,2025-09-30,smb,0.0292826232953257,0
A000361,2025-09-30,mid-market,0.0292492440581616,0
A000103,2025-09-30,smb,0.0292208070227223,0
A001169,2025-09-30,smb,0.0291450307306746,0
A000276,2025-09-30,smb,0.0290939990485814,0
A000517,2025-09-30,smb,0.0290823759705554,0
A000268,2025-09-30,smb,0.0290522360752956,0
A000612,2025-09-30,mid-market,0.0289712699637157,0
A001110,2025-09-30,smb,0.0289611058932942,0
A000066,2025-09-30,mid-market,0.0289259083502416,0
A000206,2025-09-30,smb,0.0288990577990395,0
A000690,2025-09-30,smb,0.0288821347278666,0
A000191,2025-09-30,smb,0.0288717898043692,0
A000938,2025-09-30,smb,0.0288009023365433,0
A000028,2025-09-30,mid-market,0.0287393754811753,1
A000238,2025-09-30,smb,0.0287141967137149,0
A000005,2025-09-30,mid-market,0.0287094464725751,0
A000742,2025-09-30,smb,0.0286363245308348,0
A000228,2025-09-30,smb,0.0286164895845015,0
A000355,2025-09-30,smb,0.0285838510623272,0
A000764,2025-09-30,mid-market,0.0285648235941025,0
A000277,2025-09-30,smb,0.028551818441844,0
A001010,2025-09-30,smb,0.0285440748837419,0
A001047,2025-09-30,smb,0.0285430947418525,0
A001017,2025-09-30,smb,0.0285072003039894,0
A000957,2025-09-30,mid-market,0.0284530647891296,0
A000583,2025-09-30,enterprise,0.0284522736437492,0
A000951,2025-09-30,mid-market,0.0283866444830008,0
A001074,2025-09-30,smb,0.0283632309835089,0
A000746,2025-09-30,mid-market,0.02831155504066,0
A000187,2025-09-30,smb,0.0282900141329133,0
A000418,2025-09-30,enterprise,0.0282132334543059,0
A000216,2025-09-30,mid-market,0.0282063092982514,0
A000111,2025-09-30,smb,0.0281945986916938,0
A001162,2025-09-30,smb,0.0281592817452491,0
A000252,2025-09-30,mid-market,0.028149099253118,0
A000794,2025-09-30,mid-market,0.0280332743606322,1
A000383,2025-09-30,smb,0.0280217094060873,0
A000123,2025-09-30,smb,0.02800693330156,0
A000220,2025-09-30,enterprise,0.0279241527164828,0
A000271,2025-09-30,smb,0.0279232494919078,0
A000351,2025-09-30,smb,0.0279079990805499,0
A000791,2025-09-30,mid-market,0.0278585943223395,0
A000246,2025-09-30,smb,0.0278359223836857,0
A000166,2025-09-30,enterprise,0.0278134922842428,0
A001176,2025-09-30,mid-market,0.0277633384885299,0
A000529,2025-09-30,smb,0.0277057587744072,0
A000374,2025-09-30,smb,0.0276941424604349,0
A000051,2025-09-30,enterprise,0.0276535901318996,0
A000602,2025-09-30,enterprise,0.0276224322854418,0
A001130,2025-09-30,mid-market,0.0276068860296602,0
A000817,2025-09-30,enterprise,0.0275985587058062,0
A000528,2025-09-30,smb,0.0274572143989753,0
A000598,2025-09-30,mid-market,0.0273837556073272,0
A001082,2025-09-30,mid-market,0.0273740156937182,0
A000585,2025-09-30,smb,0.0273434082028057,0
A001071,2025-09-30,mid-market,0.0272988673149468,0
A000219,2025-09-30,mid-market,0.027266549035928,0
A000680,2025-09-30,smb,0.0272560938173914,0
A000689,2025-09-30,smb,0.0272432084826527,0
A000793,2025-09-30,smb,0.0272185646281662,0
A000758,2025-09-30,smb,0.027215773818073,0
A000229,2025-09-30,mid-market,0.0271953204889637,0
A000911,2025-09-30,mid-market,0.0271265988829103,0
A000125,2025-09-30,mid-market,0.0269809669891432,0
A000572,2025-09-30,enterprise,0.0268837903624867,0
A000962,2025-09-30,smb,0.0268709301020914,0
A000861,2025-09-30,mid-market,0.0268595074405013,0
A000703,2025-09-30,smb,0.0267848480158114,0
A000267,2025-09-30,smb,0.0267333977077827,0
A001018,2025-09-30,mid-market,0.0267206138868941,0
A000309,2025-09-30,smb,0.0267149294801432,0
A001058,2025-09-30,smb,0.0266715077502093,0
A000557,2025-09-30,smb,0.0265934882180142,0
A000788,2025-09-30,mid-market,0.0265770474812914,0
A000363,2025-09-30,mid-market,0.0264498940425836,0
A000203,2025-09-30,smb,0.0264444767844997,0
A001136,2025-09-30,smb,0.026443652144625,0
A000512,2025-09-30,enterprise,0.0264294163397015,0
A000809,2025-09-30,mid-market,0.0264260799549586,0
A000075,2025-09-30,mid-market,0.0263895955590283,0
A000012,2025-09-30,smb,0.0263277895468007,0
A000285,2025-09-30,mid-market,0.0263209258449731,1
A000039,2025-09-30,smb,0.0262832323417871,0
A001128,2025-09-30,smb,0.0262714120765762,0
A000977,2025-09-30,mid-market,0.0262190795647172,0
A000500,2025-09-30,smb,0.0261961422349386,0
A000161,2025-09-30,smb,0.0261804204584902,0
A000865,2025-09-30,smb,0.0261284443852524,0
A001187,2025-09-30,smb,0.0261255985556919,0
A000624,2025-09-30,mid-market,0.0260051973349784,0
A000713,2025-09-30,smb,0.0259802167911639,0
A000015,2025-09-30,smb,0.0259792764050085,0
A000322,2025-09-30,smb,0.0258850444292562,0
A000541,2025-09-30,smb,0.0258764523285014,0
A000149,2025-09-30,enterprise,0.0258763112039968,0
A000040,2025-09-30,smb,0.0258046124105168,0
A000736,2025-09-30,smb,0.0257943051751115,0
A000261,2025-09-30,smb,0.0257418097247609,0
A000673,2025-09-30,smb,0.0257106063944672,0
A000446,2025-09-30,mid-market,0.0257058663580689,0
A000131,2025-09-30,smb,0.0256769298009663,0
A001107,2025-09-30,smb,0.0256497896876349,0
A000797,2025-09-30,smb,0.0255556667526556,0
A000060,2025-09-30,smb,0.0255398742787672,0
A000385,2025-09-30,smb,0.0255306714047893,0
A000209,2025-09-30,enterprise,0.0255167365643741,0
A000480,2025-09-30,mid-market,0.0255157139351828,0
A000930,2025-09-30,smb,0.025513312437022,0
A000551,2025-09-30,smb,0.0255052313605938,1
A000931,2025-09-30,smb,0.0253613700932946,0
A000997,2025-09-30,mid-market,0.025330094138722,0
A000630,2025-09-30,mid-market,0.0253157728738122,0
A000944,2025-09-30,mid-market,0.0252635430032496,0
A001194,2025-09-30,mid-market,0.0252462729697851,0
A000352,2025-09-30,enterprise,0.0252443583402165,0
A001024,2025-09-30,smb,0.0251428708076852,0
A000061,2025-09-30,mid-market,0.025137602084704,0
A001174,2025-09-30,smb,0.0250713503803074,0
A000562,2025-09-30,mid-market,0.0249783197338537,0
A000486,2025-09-30,mid-market,0.0249657855321988,0
A000018,2025-09-30,mid-market,0.024914172841882,0
A000653,2025-09-30,smb,0.0248008241758905,0
A000255,2025-09-30,mid-market,0.0247878535875465,0
A001113,2025-09-30,mid-market,0.0247371758432322,0
A000346,2025-09-30,mid-market,0.0246956456071913,0
A000432,2025-09-30,smb,0.0246778955123584,0
A000697,2025-09-30,smb,0.024650592012371,0
A000632,2025-09-30,smb,0.0246444359432858,0
A001129,2025-09-30,enterprise,0.0246091020963574,0
A000727,2025-09-30,enterprise,0.0246055773159744,0
A001034,2025-09-30,smb,0.0245306540969888,0
A000222,2025-09-30,mid-market,0.0244336769344513,0
A001030,2025-09-30,enterprise,0.0243416695794044,0
A000139,2025-09-30,smb,0.0242345322249541,0
A001004,2025-09-30,mid-market,0.0241446907310894,0
A000711,2025-09-30,smb,0.0240749302726018,0
A001045,2025-09-30,smb,0.0240593486840622,0
A000892,2025-09-30,mid-market,0.024055259610553,0
A000549,2025-09-30,enterprise,0.0240391379875583,0
A001050,2025-09-30,smb,0.0240383572270324,0
A000280,2025-09-30,enterprise,0.0239924567412407,0
A000360,2025-09-30,smb,0.0239806467338359,0
A001056,2025-09-30,smb,0.0238520683526507,0
A000870,2025-09-30,mid-market,0.0238424595449681,0
A001069,2025-09-30,mid-market,0.0237934627606041,1
A000555,2025-09-30,smb,0.0237394955307126,0
A000431,2025-09-30,smb,0.0237331172371173,0
A000754,2025-09-30,mid-market,0.0237168766615916,0
A000662,2025-09-30,smb,0.0236265133183149,0
A000882,2025-09-30,smb,0.023585451251246,0
A000679,2025-09-30,mid-market,0.0235708489801339,0
A001175,2025-09-30,mid-market,0.023554856876371,0
A001040,2025-09-30,smb,0.02354629009881,0
A000004,2025-09-30,smb,0.023544442646224,0
A000412,2025-09-30,mid-market,0.0235430851846467,0
A001160,2025-09-30,mid-market,0.0235388094736183,0
A001088,2025-09-30,mid-market,0.0235014332771887,0
A001099,2025-09-30,smb,0.0234333072566244,0
A000376,2025-09-30,mid-market,0.0234161006352268,0
A000302,2025-09-30,mid-market,0.0234048753596177,0
A000739,2025-09-30,smb,0.0233984921271065,0
A001038,2025-09-30,mid-market,0.0233778731029807,0
A000118,2025-09-30,enterprise,0.0233519880594315,0
A000560,2025-09-30,enterprise,0.0232901663448884,0
A000212,2025-09-30,smb,0.023250330835302,0
A000682,2025-09-30,mid-market,0.0231974891267172,0
A001117,2025-09-30,mid-market,0.0231935663741363,0
A000916,2025-09-30,enterprise,0.023177111089023,0
A000348,2025-09-30,smb,0.0231380314907425,0
A000232,2025-09-30,smb,0.023075492806584,0
A000568,2025-09-30,smb,0.0230524719392861,0
A000213,2025-09-30,mid-market,0.0230386488744206,0
A001035,2025-09-30,smb,0.0230348359574289,0
A000814,2025-09-30,mid-market,0.0230332639410358,0
A000933,2025-09-30,mid-market,0.0230136090755045,0
A000438,2025-09-30,smb,0.0229290452930581,0
A000393,2025-09-30,smb,0.022890460858664,1
A000600,2025-09-30,smb,0.0228488307115628,0
A000272,2025-09-30,smb,0.0227943359075686,0
A000257,2025-09-30,mid-market,0.0227837295935224,0
A001005,2025-09-30,mid-market,0.0227809612606756,0
A000369,2025-09-30,smb,0.0227701719683595,0
A000963,2025-09-30,smb,0.0227321651648098,0
A000032,2025-09-30,mid-market,0.0226782099462657,0
A001182,2025-09-30,smb,0.0226690783442502,0
A000918,2025-09-30,mid-market,0.0226662257525902,1
A000752,2025-09-30,enterprise,0.0226619578463486,0
A000710,2025-09-30,mid-market,0.0226343412329886,0
A000873,2025-09-30,smb,0.0225887586900697,0
A000119,2025-09-30,smb,0.0225361605378595,0
A000606,2025-09-30,enterprise,0.0225316683292833,0
A000167,2025-09-30,mid-market,0.0224848527375985,0
A000408,2025-09-30,smb,0.0224832743227947,0
A000496,2025-09-30,mid-market,0.0224550010573264,0
A000743,2025-09-30,smb,0.0224412586238003,0
A000314,2025-09-30,enterprise,0.0223826644586517,0
A000896,2025-09-30,mid-market,0.0223817272139223,0
A001055,2025-09-30,mid-market,0.0223375594565982,0
A000832,2025-09-30,enterprise,0.0223255783782621,0
A000237,2025-09-30,smb,0.0223209513701061,0
A001186,2025-09-30,smb,0.0223185975572823,0
A000818,2025-09-30,mid-market,0.0222954540003604,0
A000717,2025-09-30,mid-market,0.0222736501017643,0
A000027,2025-09-30,mid-market,0.022271281140879,0
A001154,2025-09-30,smb,0.0222676803866321,0
A000108,2025-09-30,smb,0.0222298681711356,0
A000563,2025-09-30,mid-market,0.0222224972409284,0
A000126,2025-09-30,mid-market,0.0222216632903425,0
A000375,2025-09-30,mid-market,0.0221933882025497,0
A000429,2025-09-30,smb,0.0221738579580377,0
A000863,2025-09-30,smb,0.0221660567076828,0
A001177,2025-09-30,mid-market,0.0220820931942221,0
A000648,2025-09-30,mid-market,0.0220721829528721,0
A001193,2025-09-30,enterprise,0.0220320699044486,0
A000453,2025-09-30,smb,0.0220259938651411,0
A000877,2025-09-30,mid-market,0.0220220678129186,0
A000695,2025-09-30,mid-market,0.0219717800783791,0
A000210,2025-09-30,enterprise,0.0219628588609646,0
A000575,2025-09-30,mid-market,0.0219179956292202,0
A001087,2025-09-30,smb,0.021916480038551,0
A000138,2025-09-30,mid-market,0.0219158705232565,0
A001149,2025-09-30,mid-market,0.0218829269248662,0
A000547,2025-09-30,enterprise,0.0218439285820684,0
A001009,2025-09-30,mid-market,0.0218416268374508,0
A000596,2025-09-30,mid-market,0.0218007122252279,0
A000985,2025-09-30,smb,0.0217763859927424,0
A001065,2025-09-30,enterprise,0.0216818562615773,0
A000427,2025-09-30,enterprise,0.0216627411483908,0
A000824,2025-09-30,enterprise,0.0216595304823659,0
A001101,2025-09-30,smb,0.0216468628501638,0
A001086,2025-09-30,smb,0.0216392502674997,0
A000468,2025-09-30,smb,0.0216280494359537,0
A000579,2025-09-30,smb,0.0216115891708852,0
A000972,2025-09-30,enterprise,0.0215714807235242,0
A001053,2025-09-30,smb,0.0215481962747515,0
A000672,2025-09-30,smb,0.0215301065358568,0
A001077,2025-09-30,smb,0.0215247625919431,0
A001144,2025-09-30,mid-market,0.0214886714176631,1
A000935,2025-09-30,mid-market,0.0214865422507664,0
A000640,2025-09-30,mid-market,0.021434761488005,0
A000789,2025-09-30,mid-market,0.0213845325338317,0
A000659,2025-09-30,smb,0.0213630961447623,0
A000965,2025-09-30,smb,0.0213615154974252,0
A000334,2025-09-30,mid-market,0.0213432914264923,0
A000716,2025-09-30,mid-market,0.0212941730450385,0
A000747,2025-09-30,enterprise,0.021268505465921,0
A000655,2025-09-30,smb,0.0212625218825465,0
A000722,2025-09-30,smb,0.0212515818972094,0
A000504,2025-09-30,smb,0.0212131387988361,0
A000953,2025-09-30,smb,0.0212039702437535,0
A000719,2025-09-30,smb,0.0211932631819108,0
A001037,2025-09-30,smb,0.0211863373659525,0
A000316,2025-09-30,enterprise,0.0211752263312459,0
A000501,2025-09-30,smb,0.0211168477183254,0
A000959,2025-09-30,smb,0.0210775771790795,0
A000233,2025-09-30,smb,0.0210719385603901,0
A001139,2025-09-30,smb,0.0210332215163772,0
A000377,2025-09-30,mid-market,0.0210165441747256,0
A000715,2025-09-30,smb,0.0209253815270679,0
A000410,2025-09-30,enterprise,0.0209209860480693,0
A000831,2025-09-30,mid-market,0.0208896635431147,0
A000331,2025-09-30,smb,0.0208770401161685,0
A001012,2025-09-30,mid-market,0.0208657413081798,0
A000657,2025-09-30,mid-market,0.0208652957942129,0
A000927,2025-09-30,mid-market,0.0208647803345827,0
A000367,2025-09-30,smb,0.0208322452256215,0
A000011,2025-09-30,smb,0.0208213258301865,0
A000664,2025-09-30,smb,0.0208170953765636,0
A000327,2025-09-30,mid-market,0.0207723932604318,0
A000929,2025-09-30,mid-market,0.0207582216771788,0
A001001,2025-09-30,smb,0.0207192603632852,0
A000454,2025-09-30,smb,0.0207110483198588,0
A000699,2025-09-30,smb,0.0206719632998863,0
A000440,2025-09-30,mid-market,0.020652784593137,0
A000192,2025-09-30,enterprise,0.0206376003462694,0
A000874,2025-09-30,mid-market,0.0205944576482388,0
A000329,2025-09-30,enterprise,0.0205879954659733,0
A000620,2025-09-30,mid-market,0.02057956308271,0
A000081,2025-09-30,enterprise,0.0205376138029165,0
A000388,2025-09-30,enterprise,0.0205085238676352,1
A000811,2025-09-30,mid-market,0.020495351465383,0
A000786,2025-09-30,smb,0.0203736043926234,0
A000180,2025-09-30,smb,0.0203616486252325,0
A000654,2025-09-30,smb,0.0203614308459188,0
A000908,2025-09-30,mid-market,0.0203499625952249,0
A000532,2025-09-30,smb,0.0203302875102104,0
A000804,2025-09-30,smb,0.020297043961654,0
A000054,2025-09-30,enterprise,0.0202676394653254,0
A001075,2025-09-30,mid-market,0.0202306206618222,0
A000561,2025-09-30,smb,0.0202256997666546,0
A000848,2025-09-30,smb,0.0202129335402296,0
A000142,2025-09-30,smb,0.0201232292565301,0
A000470,2025-09-30,mid-market,0.0200862613349416,0
A000021,2025-09-30,enterprise,0.0200837020226285,0
A000819,2025-09-30,mid-market,0.0200601607535841,0
A000171,2025-09-30,mid-market,0.0200574090429801,0
A000389,2025-09-30,mid-market,0.0199879706762258,0
A000286,2025-09-30,smb,0.0199764532481908,0
A000458,2025-09-30,mid-market,0.0199237110439399,0
A000297,2025-09-30,smb,0.0198899396114296,0
A000827,2025-09-30,mid-market,0.0197058912150351,0
A001080,2025-09-30,mid-market,0.0196763183512139,0
A001156,2025-09-30,enterprise,0.0196736834923813,0
A000813,2025-09-30,mid-market,0.0196648283557228,0
A000422,2025-09-30,enterprise,0.0196562661094617,0
A001085,2025-09-30,enterprise,0.0196465090699647,0
A000341,2025-09-30,mid-market,0.0195899295023593,0
A000157,2025-09-30,mid-market,0.0195792438978616,0
A001079,2025-09-30,enterprise,0.0195279669546094,0
A000540,2025-09-30,mid-market,0.0195050595930022,0
A000983,2025-09-30,smb,0.0194987495611048,0
A000424,2025-09-30,mid-market,0.0194956564679193,0
A000780,2025-09-30,mid-market,0.019474264101727,0
A000681,2025-09-30,enterprise,0.0194666896873437,0
A000130,2025-09-30,smb,0.0194002978294187,0
A000737,2025-09-30,smb,0.0193851930344885,0
A000721,2025-09-30,enterprise,0.019334208434407,0
A000358,2025-09-30,mid-market,0.0193277345089675,0
A000114,2025-09-30,smb,0.0191816882034127,0
A000790,2025-09-30,mid-market,0.0191794102094904,0
A001057,2025-09-30,smb,0.0191791789086607,0
A000088,2025-09-30,enterprise,0.019138945686116,0
A001188,2025-09-30,smb,0.0191375640435023,0
A000084,2025-09-30,mid-market,0.0191085705230755,0
A000010,2025-09-30,smb,0.0191064605336602,0
A000693,2025-09-30,mid-market,0.0190804863161774,0
A000665,2025-09-30,enterprise,0.0190494242537529,0
A001063,2025-09-30,mid-market,0.0190454931213531,0
A000006,2025-09-30,smb,0.0190332409659036,0
A001120,2025-09-30,smb,0.0189428643948681,0
A000447,2025-09-30,smb,0.0189263559132462,0
A000076,2025-09-30,smb,0.0188986729159896,0
A000156,2025-09-30,smb,0.0188909601019145,0
A001070,2025-09-30,mid-market,0.0188725502024677,0
A000266,2025-09-30,smb,0.0188707111887327,0
A000666,2025-09-30,mid-market,0.0188566450603871,0
A000967,2025-09-30,smb,0.0188501312434747,0
A001093,2025-09-30,smb,0.0187998524620542,0
A000733,2025-09-30,mid-market,0.0187829127276239,0
A000484,2025-09-30,mid-market,0.0187644299909303,0
A000173,2025-09-30,mid-market,0.0187246951919963,0
A001090,2025-09-30,mid-market,0.0186240972781328,0
A000177,2025-09-30,enterprise,0.0186094794443867,0
A000306,2025-09-30,enterprise,0.01860935095627,0
A000013,2025-09-30,smb,0.0186092653751862,0
A001178,2025-09-30,smb,0.0185145530853355,0
A000678,2025-09-30,enterprise,0.0185000400947376,0
A000204,2025-09-30,mid-market,0.0184881987639178,0
A000194,2025-09-30,smb,0.0184532181083628,0
A000218,2025-09-30,mid-market,0.0183973107200933,0
A000135,2025-09-30,smb,0.0183751234745255,0
A000629,2025-09-30,smb,0.0183731012891684,0
A001013,2025-09-30,smb,0.0183729180849419,0
A000502,2025-09-30,mid-market,0.0183633901882577,0
A000792,2025-09-30,mid-market,0.0183596119887512,0
A000494,2025-09-30,mid-market,0.0182865061544463,0
A000370,2025-09-30,mid-market,0.0182320604801447,0
A000304,2025-09-30,smb,0.0181382776104454,0
A001121,2025-09-30,enterprise,0.0181249971549857,0
A000558,2025-09-30,mid-market,0.0180989258088509,0
A000566,2025-09-30,smb,0.0180529153401978,0
A000807,2025-09-30,mid-market,0.0180258586562668,0
A000740,2025-09-30,enterprise,0.0180022271932741,0
A001122,2025-09-30,mid-market,0.0179750858473208,0
A000628,2025-09-30,mid-market,0.017953306946297,0
A000631,2025-09-30,mid-market,0.01794273100035,0
A000937,2025-09-30,smb,0.0179249802687453,0
A000101,2025-09-30,smb,0.0178905896241966,0
A000386,2025-09-30,mid-market,0.0178735921801722,0
A000189,2025-09-30,smb,0.0177914010252381,0
A000878,2025-09-30,mid-market,0.0177877766781178,0
A000603,2025-09-30,smb,0.0177708635534081,0
A000856,2025-09-30,enterprise,0.0177572523485941,0
A000798,2025-09-30,enterprise,0.0177544845337551,0
A001026,2025-09-30,enterprise,0.0177317362196563,0
A000926,2025-09-30,smb,0.0176617266153457,0
A000838,2025-09-30,mid-market,0.0176192143245149,0
A001132,2025-09-30,smb,0.0176071259561559,0
A000523,2025-09-30,smb,0.0176013421598173,0
A000090,2025-09-30,enterprise,0.0175495353189152,0
A000852,2025-09-30,mid-market,0.0175207383877653,0
A001032,2025-09-30,mid-market,0.0174989100938748,0
A000181,2025-09-30,mid-market,0.0174896333036389,0
A000436,2025-09-30,mid-market,0.0174866466554694,0
A000092,2025-09-30,mid-market,0.0174256060206752,0
A000649,2025-09-30,mid-market,0.0174081283037232,0
A000282,2025-09-30,smb,0.0173802930358992,0
A000961,2025-09-30,mid-market,0.0173549566555469,0
A000847,2025-09-30,mid-market,0.0173486847968194,0
A000198,2025-09-30,smb,0.0173401416969115,0
A000449,2025-09-30,mid-market,0.0173321502987886,0
A000871,2025-09-30,mid-market,0.0173250430865724,0
A000841,2025-09-30,mid-market,0.0173154924259574,0
A000344,2025-09-30,enterprise,0.0172810996979902,0
A001067,2025-09-30,mid-market,0.0172344894644806,0
A000826,2025-09-30,smb,0.0172153882722043,0
A001183,2025-09-30,mid-market,0.0171978204852281,0
A000477,2025-09-30,mid-market,0.0171564488023422,0
A001062,2025-09-30,smb,0.0170946452709576,0
A000236,2025-09-30,smb,0.0170502451693491,0
A000545,2025-09-30,enterprise,0.0170073113619517,0
A000095,2025-09-30,mid-market,0.0170015230151126,0
A000207,2025-09-30,smb,0.0169927855117046,0
A000738,2025-09-30,smb,0.0169516823073552,0
A000643,2025-09-30,smb,0.0169309503229431,0
A000770,2025-09-30,smb,0.0169286314029474,0
A000097,2025-09-30,smb,0.0169145696379442,0
A000025,2025-09-30,smb,0.0169142681476566,0
A000117,2025-09-30,smb,0.016862423414511,0
A000154,2025-09-30,smb,0.0168615824894274,0
A001049,2025-09-30,enterprise,0.0168041917376616,0
A000053,2025-09-30,mid-market,0.0167817118628807,0
A000394,2025-09-30,enterprise,0.0167580140644992,0
A001134,2025-09-30,enterprise,0.0167470448119644,0
A000683,2025-09-30,smb,0.0166383526371662,0
A000448,2025-09-30,mid-market,0.01660808130218,0
A000404,2025-09-30,mid-market,0.0165549284255779,0
A000843,2025-09-30,mid-market,0.0165401168710269,0
A000667,2025-09-30,mid-market,0.0165227415339593,0
A001007,2025-09-30,smb,0.016453161427067,0
A000812,2025-09-30,mid-market,0.0163731425383229,0
A000411,2025-09-30,smb,0.0163618311525459,0
A001072,2025-09-30,smb,0.016299969406842,0
A000428,2025-09-30,mid-market,0.0162941764371184,0
A000182,2025-09-30,smb,0.0162850796666449,0
A001161,2025-09-30,enterprise,0.016280994617772,0
A000401,2025-09-30,mid-market,0.0161906434141742,0
A000889,2025-09-30,smb,0.0161714901097568,0
A000845,2025-09-30,smb,0.0161572256842989,0
A000110,2025-09-30,smb,0.016112901489846,0
A000651,2025-09-30,smb,0.0161049037500033,0
A000828,2025-09-30,smb,0.0160970855756322,0
A000614,2025-09-30,enterprise,0.0160897153737688,0
A000966,2025-09-30,enterprise,0.0160703606254613,0
A000345,2025-09-30,mid-market,0.0160665847639459,0
A000296,2025-09-30,mid-market,0.0160609425156082,0
A000319,2025-09-30,mid-market,0.0160598995386579,0
A000913,2025-09-30,smb,0.0160545017511028,0
A000524,2025-09-30,smb,0.0160527603690309,0
A000535,2025-09-30,smb,0.016051834735907,0
A000170,2025-09-30,mid-market,0.016013863521776,0
A000808,2025-09-30,smb,0.0160005844480958,0
A000030,2025-09-30,smb,0.0159557587835698,0
A000544,2025-09-30,enterprise,0.0159438481036886,0
A000240,2025-09-30,smb,0.0159296448203434,0
A001094,2025-09-30,mid-market,0.0158562483061966,0
A000725,2025-09-30,mid-market,0.0157799110001892,0
A000907,2025-09-30,smb,0.0157501108748881,0
A000079,2025-09-30,mid-market,0.0157283239705056,0
A000634,2025-09-30,smb,0.0157204170815641,0
A000362,2025-09-30,smb,0.0156856310766616,0
A001142,2025-09-30,mid-market,0.0156519778154861,0
A000093,2025-09-30,smb,0.0156412665218088,0
A000883,2025-09-30,smb,0.0156126441395614,0
A000836,2025-09-30,smb,0.0155468495243893,0
A000493,2025-09-30,mid-market,0.0155456574699933,0
A000708,2025-09-30,smb,0.0155242404630018,0
A000542,2025-09-30,enterprise,0.0154637521941274,0
A000919,2025-09-30,smb,0.0154592554484075,0
A000333,2025-09-30,mid-market,0.0154473708852277,0
A000898,2025-09-30,smb,0.0154351606448874,0
A001191,2025-09-30,mid-market,0.0154306514185154,0
A000143,2025-09-30,smb,0.0154300754883412,0
A000310,2025-09-30,enterprise,0.0153433928061064,0
A000774,2025-09-30,mid-market,0.0153252485701657,0
A001015,2025-09-30,mid-market,0.0153115269627896,0
A000698,2025-09-30,mid-market,0.0152999883426212,0
A000637,2025-09-30,enterprise,0.0152453965839009,0
A000289,2025-09-30,mid-market,0.0152202608321033,0
A000134,2025-09-30,mid-market,0.0151855684749616,0
A000530,2025-09-30,mid-market,0.0151823037391603,0
A000211,2025-09-30,smb,0.0151780292034929,0
A000936,2025-09-30,mid-market,0.0151490676496945,0
A000531,2025-09-30,smb,0.0151403256777864,0
A000188,2025-09-30,mid-market,0.0151350072231434,0
A000912,2025-09-30,enterprise,0.0151257429972896,0
A000078,2025-09-30,mid-market,0.0150914187497274,0
A000008,2025-09-30,smb,0.0150047817332784,0
A001096,2025-09-30,smb,0.0149941906156078,0
A001184,2025-09-30,mid-market,0.0149576376701255,0
A000864,2025-09-30,smb,0.0149354291158511,0
A000077,2025-09-30,mid-market,0.0149089336853933,0
A000748,2025-09-30,mid-market,0.0148950018078004,0
A000326,2025-09-30,mid-market,0.0148947744037647,0
A000384,2025-09-30,smb,0.0148549086476405,0
A000712,2025-09-30,enterprise,0.0148208911482509,0
A000340,2025-09-30,smb,0.0148115435945507,0
A000571,2025-09-30,mid-market,0.0147500307567324,0
A000065,2025-09-30,smb,0.0147469283393521,0
A001106,2025-09-30,mid-market,0.0147362611649331,0
A000772,2025-09-30,smb,0.0147193544893357,0
A000278,2025-09-30,enterprise,0.0146385506014725,0
A000684,2025-09-30,smb,0.0146385307798317,0
A000508,2025-09-30,mid-market,0.0146126268338753,0
A000208,2025-09-30,mid-market,0.0145944187239402,0
A001033,2025-09-30,smb,0.0145874186052099,0
A000199,2025-09-30,mid-market,0.0145612386115874,0
A000945,2025-09-30,smb,0.0145343344906321,0
A000259,2025-09-30,smb,0.0145189329624332,0
A001042,2025-09-30,mid-market,0.014459321995754,0
A000960,2025-09-30,smb,0.0144398301940609,0
A001167,2025-09-30,smb,0.0144348386279637,0
A000567,2025-09-30,smb,0.0144246487006624,0
A000298,2025-09-30,enterprise,0.0144122505845373,0
A000249,2025-09-30,mid-market,0.0143916166832024,0
A000605,2025-09-30,smb,0.0143818666585069,0
A001148,2025-09-30,mid-market,0.014290749140583,0
A000984,2025-09-30,enterprise,0.0142803792249853,0
A001151,2025-09-30,smb,0.0142758638276086,0
A000757,2025-09-30,smb,0.0142663433052322,0
A000860,2025-09-30,smb,0.0142341168126915,0
A000052,2025-09-30,mid-market,0.0142300968073206,0
A000445,2025-09-30,enterprise,0.0142278963457055,0
A000072,2025-09-30,smb,0.014200106991151,0
A000849,2025-09-30,smb,0.0141800097262117,0
A000062,2025-09-30,mid-market,0.0141134781549417,0
A000767,2025-09-30,smb,0.0140452337770585,1
A000538,2025-09-30,smb,0.0139736223427453,0
A000701,2025-09-30,smb,0.0138981593046111,0
A000056,2025-09-30,smb,0.0138898516670909,0
A001052,2025-09-30,mid-market,0.0138648053734382,0
A000700,2025-09-30,smb,0.0138341269768983,0
A000730,2025-09-30,mid-market,0.0138321958980671,0
A000265,2025-09-30,mid-market,0.0138282897438148,0
A000038,2025-09-30,enterprise,0.0137922898306201,0
A000152,2025-09-30,mid-market,0.0137691646832431,0
A001109,2025-09-30,mid-market,0.0137506815403571,1
A000696,2025-09-30,mid-market,0.0137305126535517,0
A000323,2025-09-30,smb,0.013706451822403,0
A000169,2025-09-30,mid-market,0.0136605253164333,0
A000164,2025-09-30,enterprise,0.0136042265338969,0
A000593,2025-09-30,mid-market,0.0135972550356387,0
A000857,2025-09-30,mid-market,0.0135859353731736,0
A000337,2025-09-30,mid-market,0.0135828069940392,0
A000490,2025-09-30,mid-market,0.0135679044888916,1
A001089,2025-09-30,smb,0.0135567869914052,0
A000085,2025-09-30,mid-market,0.0135301132236946,0
A000803,2025-09-30,enterprise,0.01350707518621,0
A000080,2025-09-30,smb,0.0135039300468548,0
A000035,2025-09-30,smb,0.0133952684948813,0
A001158,2025-09-30,smb,0.0133827303462148,0
A000350,2025-09-30,mid-market,0.0133791968008082,0
A000691,2025-09-30,smb,0.0133784775228476,0
A000613,2025-09-30,mid-market,0.0133351094889065,0
A000462,2025-09-30,enterprise,0.0133001855287049,0
A000796,2025-09-30,mid-market,0.013228205891467,0
A000136,2025-09-30,smb,0.0131919442739993,0
A001155,2025-09-30,enterprise,0.0131779211976633,0
A000324,2025-09-30,smb,0.0131719321859172,0
A000670,2025-09-30,enterprise,0.0131715911320846,0
A000335,2025-09-30,mid-market,0.013138509898363,0
A000145,2025-09-30,smb,0.0131331840744525,0
A000506,2025-09-30,mid-market,0.0131270762148186,0
A000751,2025-09-30,mid-market,0.0131242196760581,0
A001170,2025-09-30,smb,0.0130453914844063,0
A000147,2025-09-30,mid-market,0.0130287364654326,0
A000728,2025-09-30,mid-market,0.01300773764607,0
A001124,2025-09-30,enterprise,0.0129198287864127,0
A000932,2025-09-30,mid-market,0.0129031388982617,0
A000510,2025-09-30,enterprise,0.0128712216308053,0
A000140,2025-09-30,smb,0.0128701988694769,0
A000749,2025-09-30,mid-market,0.0128578487373128,0
A000155,2025-09-30,mid-market,0.0128578428245347,0
A000514,2025-09-30,mid-market,0.0128533881636183,0
A000597,2025-09-30,enterprise,0.0128251896185709,0
A000059,2025-09-30,smb,0.0128247214924029,0
A000582,2025-09-30,enterprise,0.0128138188786505,0
A000292,2025-09-30,mid-market,0.0127555790056341,0
A000881,2025-09-30,mid-market,0.0127164206747796,0
A000795,2025-09-30,smb,0.0126787311838645,0
A000478,2025-09-30,mid-market,0.0126017909274569,0
A001179,2025-09-30,smb,0.0125877546417366,0
A000195,2025-09-30,enterprise,0.012585608967324,0
A000288,2025-09-30,enterprise,0.0125514183557263,0
A000777,2025-09-30,smb,0.0125224784671331,0
A000570,2025-09-30,smb,0.0124484253057327,0
A000589,2025-09-30,mid-market,0.0124241317969888,0
A000580,2025-09-30,mid-market,0.0123560683273453,0
A000941,2025-09-30,smb,0.012347881391172,0
A000452,2025-09-30,mid-market,0.012321216556246,0
A000461,2025-09-30,smb,0.0123074672549383,0
A000224,2025-09-30,smb,0.0123054281912053,0
A000902,2025-09-30,mid-market,0.0123036159852529,0
A001147,2025-09-30,smb,0.0122768230061505,0
A001190,2025-09-30,smb,0.0121691546345272,0
A000433,2025-09-30,mid-market,0.0121662884542625,0
A000509,2025-09-30,smb,0.0121371480858695,0
A000293,2025-09-30,smb,0.0120350331766945,0
A000588,2025-09-30,mid-market,0.0119897925863615,0
A000184,2025-09-30,mid-market,0.011980895774911,0
A000336,2025-09-30,enterprise,0.0119701276668634,0
A000854,2025-09-30,smb,0.0119562574385108,0
A000675,2025-09-30,mid-market,0.0119444177314552,0
A000815,2025-09-30,smb,0.0119316406793134,0
A000144,2025-09-30,smb,0.0119243529119465,0
A000949,2025-09-30,mid-market,0.0119122797434029,1
A000455,2025-09-30,smb,0.0118885437875734,0
A000047,2025-09-30,mid-market,0.011868410532579,0
A000994,2025-09-30,mid-market,0.0118519854045578,0
A000402,2025-09-30,smb,0.0118475305660748,0
A001123,2025-09-30,smb,0.0118199802397297,0
A000359,2025-09-30,mid-market,0.0117680194713868,0
A000397,2025-09-30,smb,0.0117466989159305,0
A000868,2025-09-30,smb,0.011739680018546,0
A000702,2025-09-30,mid-market,0.0117278841424743,0
A000163,2025-09-30,enterprise,0.0117005519229969,0
A000988,2025-09-30,smb,0.0116967666315434,0
A000463,2025-09-30,enterprise,0.0116857560265646,0
A000981,2025-09-30,mid-market,0.0116666972423997,0
A000647,2025-09-30,smb,0.01162192684598,0
A001125,2025-09-30,smb,0.011609890134277,0
A000116,2025-09-30,smb,0.0115202662340286,0
A001114,2025-09-30,mid-market,0.0114597439932504,0
A000761,2025-09-30,smb,0.0114273743391556,0
A000495,2025-09-30,smb,0.0114054980374464,0
A001031,2025-09-30,mid-market,0.0113997102029116,0
A000284,2025-09-30,mid-market,0.0113169479333817,0
A000041,2025-09-30,mid-market,0.0113168230392783,0
A000546,2025-09-30,mid-market,0.011301617576972,0
A000505,2025-09-30,smb,0.0112776917193325,0
A001011,2025-09-30,mid-market,0.0112637891612718,0
A000417,2025-09-30,mid-market,0.0111110514869787,0
A000921,2025-09-30,mid-market,0.0111010377032007,0
A001025,2025-09-30,smb,0.0110979772617836,0
A000365,2025-09-30,mid-market,0.0110968514566506,0
A000263,2025-09-30,mid-market,0.0110687856782889,0
A001051,2025-09-30,mid-market,0.0110513552336201,0
A000392,2025-09-30,enterprise,0.0110273092213835,0
A000467,2025-09-30,mid-market,0.0109627167954704,0
A000379,2025-09-30,mid-market,0.0108932058587074,0
A001022,2025-09-30,mid-market,0.0108809511620363,0
A000443,2025-09-30,enterprise,0.010864236961549,0
A000421,2025-09-30,mid-market,0.0108450549875408,0
A000830,2025-09-30,mid-market,0.0108270432443524,0
A000851,2025-09-30,mid-market,0.0108168727232758,0
A000205,2025-09-30,enterprise,0.0107988000997681,0
A000904,2025-09-30,enterprise,0.0107800703154209,0
A001198,2025-09-30,mid-market,0.0107513219526494,0
A000016,2025-09-30,mid-market,0.0107361226208881,1
A000974,2025-09-30,smb,0.010700691164656,0
A000525,2025-09-30,smb,0.0106908524437694,0
A000616,2025-09-30,mid-market,0.0106880892356618,0
A001048,2025-09-30,smb,0.0106829441602246,0
A000527,2025-09-30,mid-market,0.0106453103983009,0
A000179,2025-09-30,mid-market,0.0106015752181999,0
A000160,2025-09-30,mid-market,0.0105977863966425,0
A000373,2025-09-30,enterprise,0.0105733477799869,0
A000844,2025-09-30,enterprise,0.0105712086307757,0
A001195,2025-09-30,mid-market,0.0105113055128954,0
A000893,2025-09-30,mid-market,0.010460068351966,0
A001002,2025-09-30,mid-market,0.0104081256956251,0
A000318,2025-09-30,mid-market,0.0104067112547424,0
A000766,2025-09-30,mid-market,0.0103965622224187,0
A000243,2025-09-30,mid-market,0.0103435790146084,0
A000928,2025-09-30,mid-market,0.0102678528637985,0
A000971,2025-09-30,smb,0.0102368453144819,0
A001173,2025-09-30,mid-market,0.0101740125429714,0
A000260,2025-09-30,smb,0.0101355371765559,0
A000082,2025-09-30,mid-market,0.01009006259667,0
A000175,2025-09-30,mid-market,0.0100523028242951,0
A001083,2025-09-30,smb,0.0100460744341676,0
A000979,2025-09-30,mid-market,0.0100449209812963,0
A000113,2025-09-30,mid-market,0.0100393413126041,0
A000281,2025-09-30,mid-market,0.0100337360062394,0
A000104,2025-09-30,mid-market,0.0100028984486482,0
A000714,2025-09-30,mid-market,0.0099649170825217,0
A000650,2025-09-30,mid-market,0.0098718274271686,0
A000537,2025-09-30,mid-market,0.0098664830571161,0
A000317,2025-09-30,mid-market,0.0097954169921459,0
A000096,2025-09-30,mid-market,0.0097892217850598,0
A000102,2025-09-30,enterprise,0.0097733584917696,0
A000150,2025-09-30,mid-market,0.0097420099179504,0
A000707,2025-09-30,enterprise,0.0097037299550567,0
A000688,2025-09-30,enterprise,0.0095321764035865,0
A000472,2025-09-30,enterprise,0.0094818084473716,0
A000810,2025-09-30,mid-market,0.0093116577641482,0
A000745,2025-09-30,smb,0.0092388741166194,0
A000141,2025-09-30,enterprise,0.0092236257391115,0
A000153,2025-09-30,smb,0.0090784979127025,0
A000901,2025-09-30,mid-market,0.0090560563927263,0
A001116,2025-09-30,enterprise,0.0089785735683963,0
A000003,2025-09-30,mid-market,0.0089345986678592,0
A000129,2025-09-30,smb,0.0089232651795008,0
A000098,2025-09-30,enterprise,0.0088011536832518,0
A000469,2025-09-30,mid-market,0.0087100699960767,0
A000661,2025-09-30,enterprise,0.0087021368275115,0
A000801,2025-09-30,mid-market,0.0086863513202803,0
A000459,2025-09-30,enterprise,0.0086173792390607,0
A001135,2025-09-30,enterprise,0.0085755764437375,0
A000656,2025-09-30,enterprise,0.0085745483690703,0
A000290,2025-09-30,smb,0.0084744534078044,0
A000425,2025-09-30,smb,0.0084168405654671,0
A000312,2025-09-30,mid-market,0.0084167150528704,0
A000946,2025-09-30,mid-market,0.008369936624333,0
A000623,2025-09-30,mid-market,0.0083491836503809,0
A000660,2025-09-30,mid-market,0.0083426611909472,0
A000891,2025-09-30,mid-market,0.0083365048144743,0
A000380,2025-09-30,mid-market,0.0083212287119017,0
A000646,2025-09-30,mid-market,0.0082898162883024,0
A001092,2025-09-30,enterprise,0.0082652198906987,0
A000148,2025-09-30,enterprise,0.0081195450727713,0
A000055,2025-09-30,mid-market,0.0080463955855194,0
A000676,2025-09-30,mid-market,0.0079205268296357,0
A000641,2025-09-30,mid-market,0.0078387984979617,0
A000444,2025-09-30,enterprise,0.0078072983780044,0
A000202,2025-09-30,mid-market,0.0077994912979113,0
A000773,2025-09-30,mid-market,0.0077383709265838,0
A000859,2025-09-30,enterprise,0.0077351860723423,0
A000368,2025-09-30,enterprise,0.0074332327646523,0
A001180,2025-09-30,mid-market,0.0071230064000712,0
A000899,2025-09-30,mid-market,0.007047122659789,0
A000829,2025-09-30,smb,0.0067833417644592,0
A000120,2025-09-30,mid-market,0.0067623728973016,0
A000604,2025-09-30,mid-market,0.0060466359594774,0
A000416,2025-09-30,mid-market,0.0052102470738995,1
